ms	offset	bytes
# [2026-10-06T22:02:18] salt-okunur kayit: COM10 115200 8N1 -> C:\Appdev\q11\logs\boot_01.log
# [2026-10-06T22:02:18] COM10 acildi
33602	0	1
50404	1	1
50405	2	31
50408	33	1
50408	34	31
# [2026-10-06T22:03:08] veri akisi basladi
50410	65	32
50413	97	1
50413	98	31
50416	129	1
50417	130	31
50419	161	1
50419	162	31
50422	193	1
50422	194	31
50425	225	1
50425	226	31
50427	257	1
50427	258	31
50430	289	1
50430	290	31
50433	321	1
50433	322	31
50436	353	1
50436	354	31
50439	385	1
50439	386	31
50441	417	1
50441	418	31
50444	449	1
50444	450	31
50446	481	1
50446	482	31
50450	513	1
50450	514	31
50452	545	1
50453	546	31
50455	577	1
50455	578	31
50458	609	1
50458	610	31
50461	641	1
50461	642	31
50463	673	1
50464	674	31
50466	705	1
50467	706	31
50468	737	1
50469	738	31
50472	769	1
50472	770	31
50475	801	1
50475	802	31
50477	833	1
50478	834	31
50480	865	1
50480	866	31
50482	897	1
50483	898	31
50486	929	1
50486	930	31
50489	961	1
50489	962	31
50491	993	1
50491	994	31
50493	1025	1
50493	1026	31
50496	1057	1
50497	1058	31
50500	1089	1
50500	1090	31
50503	1121	1
50503	1122	31
50505	1153	1
50505	1154	31
50507	1185	1
50507	1186	31
50510	1217	1
50510	1218	31
50514	1249	1
50514	1250	31
50516	1281	1
50517	1282	31
50519	1313	1
50519	1314	31
50522	1345	1
50522	1346	31
50524	1377	1
50524	1378	31
50527	1409	1
50527	1410	31
50530	1441	1
50531	1442	31
50532	1473	1
50532	1474	31
50536	1505	1
50536	1506	31
50538	1537	1
50538	1538	31
50541	1569	1
50542	1570	31
50544	1601	1
50545	1602	31
50547	1633	1
50547	1634	31
50550	1665	1
50550	1666	31
50552	1697	1
50552	1698	31
50555	1729	1
50555	1730	31
50558	1761	1
50559	1762	31
50561	1793	1
50561	1794	31
50564	1825	1
50564	1826	31
50566	1857	1
50566	1858	31
50568	1889	1
50569	1890	31
50572	1921	1
50572	1922	31
50575	1953	1
50575	1954	31
50577	1985	1
50578	1986	31
50580	2017	1
50580	2018	31
50583	2049	1
50583	2050	31
50586	2081	1
50586	2082	31
50589	2113	1
50589	2114	31
50591	2145	1
50591	2146	31
50594	2177	1
50594	2178	31
50597	2209	1
50597	2210	31
50600	2241	1
50600	2242	31
50602	2273	1
50602	2274	31
50605	2305	1
50605	2306	31
50607	2337	1
50608	2338	31
50611	2369	1
50611	2370	31
50614	2401	1
50614	2402	31
50616	2433	1
50616	2434	31
50618	2465	1
50618	2466	31
50621	2497	1
50621	2498	31
50624	2529	1
50624	2530	31
50627	2561	1
50627	2562	31
50629	2593	1
50630	2594	31
50632	2625	1
50632	2626	31
50635	2657	1
50635	2658	31
50638	2689	1
50638	2690	31
50641	2721	1
50641	2722	31
50643	2753	1
50644	2754	31
50647	2785	1
50647	2786	31
50649	2817	1
50649	2818	31
50653	2849	1
50653	2850	31
50656	2881	1
50656	2882	31
50658	2913	1
50658	2914	31
50661	2945	1
50661	2946	31
50663	2977	1
50663	2978	31
50666	3009	1
50666	3010	31
50669	3041	1
50669	3042	31
50672	3073	1
50672	3074	31
50675	3105	1
50675	3106	31
50677	3137	1
50677	3138	31
50680	3169	1
50681	3170	31
50683	3201	1
50683	3202	31
50686	3233	1
50686	3234	31
50689	3265	1
50689	3266	31
50691	3297	1
50691	3298	31
50694	3329	1
50694	3330	31
50697	3361	1
50698	3362	31
50700	3393	1
50700	3394	31
50702	3425	1
50703	3426	31
50705	3457	1
50705	3458	31
50708	3489	1
50708	3490	31
50711	3521	1
50711	3522	31
50713	3553	1
50714	3554	31
50717	3585	1
50717	3586	31
50718	3617	1
50719	3618	31
50722	3649	1
50722	3650	31
50725	3681	1
50725	3682	31
50728	3713	1
50728	3714	31
50730	3745	1
50730	3746	31
50733	3777	1
50733	3778	31
50736	3809	1
50736	3810	31
50739	3841	1
50739	3842	31
50741	3873	1
50741	3874	31
50745	3905	1
50745	3906	31
50747	3937	1
50747	3938	31
50765	3969	1
50765	3970	31
50768	4001	1
50768	4002	31
50772	4033	1
50772	4034	31
50774	4065	1
50774	4066	31
50777	4097	1
50777	4098	31
50780	4129	1
50780	4130	31
50783	4161	1
50783	4162	31
50786	4193	1
50786	4194	31
50789	4225	1
50790	4226	31
50792	4257	1
50792	4258	31
50795	4289	1
50795	4290	31
50797	4321	1
50798	4322	31
50800	4353	1
50800	4354	31
50804	4385	1
50804	4386	31
50807	4417	1
50807	4418	31
50809	4449	1
50809	4450	31
50813	4481	1
50813	4482	22
50839	4504	1
50839	4505	31
50843	4536	1
50843	4537	31
50845	4568	1
50846	4569	31
50848	4600	1
50849	4601	31
50851	4632	1
50851	4633	31
50854	4664	1
50854	4665	31
50857	4696	1
50857	4697	31
50860	4728	1
50860	4729	31
50862	4760	1
50863	4761	31
50865	4792	1
50865	4793	31
50868	4824	1
50868	4825	31
50871	4856	1
50872	4857	31
50874	4888	1
50874	4889	31
50877	4920	1
50877	4921	31
50880	4952	1
50880	4953	31
50883	4984	1
50883	4985	31
50885	5016	1
50886	5017	31
50888	5048	1
50888	5049	31
50891	5080	1
50891	5081	31
50893	5112	1
50894	5113	31
50897	5144	1
50897	5145	31
50899	5176	1
50899	5177	31
50901	5208	1
51094	5209	1
51094	5210	31
51097	5241	1
51097	5242	31
51099	5273	1
51099	5274	31
51102	5305	1
51102	5306	31
51105	5337	1
51105	5338	31
51108	5369	1
51108	5370	31
51112	5401	1
51112	5402	31
51115	5433	1
51115	5434	31
51117	5465	1
51117	5466	14
51128	5480	1
51129	5481	31
51131	5512	1
51131	5513	31
51135	5544	1
51135	5545	25
51138	5570	1
51139	5571	31
51142	5602	1
51143	5603	31
51145	5634	1
51145	5635	31
51148	5666	1
51148	5667	31
51152	5698	1
51152	5699	31
51153	5730	1
51154	5731	5
51156	5736	1
51157	5737	31
51159	5768	1
51159	5769	31
51161	5800	1
51162	5801	31
51165	5832	1
51165	5833	31
51168	5864	1
51168	5865	31
51170	5896	1
51170	5897	12
51178	5909	1
51178	5910	19
51184	5929	1
51184	5930	31
51187	5961	1
51187	5962	31
51190	5993	1
51190	5994	31
51193	6025	1
51193	6026	31
51196	6057	1
51196	6058	31
51198	6089	1
51198	6090	31
51201	6121	1
51201	6122	31
51204	6153	1
51204	6154	31
51207	6185	1
51207	6186	31
51210	6217	1
51210	6218	31
51212	6249	1
51212	6250	31
51215	6281	1
51215	6282	31
51219	6313	1
51219	6314	25
51222	6339	1
51222	6340	31
51225	6371	1
51226	6372	11
51228	6383	1
51228	6384	31
51231	6415	1
51231	6416	14
51233	6430	1
51233	6431	31
51236	6462	1
51236	6463	11
51241	6474	1
51241	6475	31
51243	6506	1
51244	6507	14
51249	6521	1
51250	6522	31
51252	6553	1
51252	6554	11
51254	6565	1
51255	6566	31
51257	6597	1
51257	6598	14
51261	6612	1
51261	6613	31
51262	6644	1
51262	6645	12
51267	6657	1
51267	6658	31
51268	6689	1
51268	6690	10
51273	6700	1
51273	6701	31
51274	6732	1
51275	6733	7
51283	6740	1
51283	6741	31
51285	6772	1
51285	6773	9
51300	6782	1
51300	6783	31
51302	6814	1
51302	6815	12
51317	6827	1
51317	6828	31
51320	6859	1
51320	6860	9
51334	6869	1
51335	6870	31
51337	6901	1
51337	6902	9
51496	6911	1
51497	6912	31
51497	6943	1
51498	6944	7
51501	6951	1
51501	6952	31
51504	6983	1
51504	6984	10
51545	6994	1
51546	6995	31
51547	7026	1
51547	7027	10
51691	7037	1
51691	7038	31
51692	7069	1
51692	7070	9
51723	7079	1
51723	7080	22
52706	7102	1
52706	7103	31
52709	7134	1
52710	7135	19
52712	7154	1
52713	7155	31
52715	7186	1
52715	7187	31
52718	7218	1
52718	7219	31
52720	7250	1
52720	7251	31
52724	7282	1
52724	7283	31
52727	7314	1
52727	7315	31
52729	7346	1
52729	7347	31
52732	7378	1
52733	7379	31
52734	7410	1
52734	7411	31
52738	7442	1
52738	7443	31
52740	7474	1
52750	7475	127
52752	7602	1
52752	7603	31
52754	7634	1
52755	7635	31
52758	7666	1
52758	7667	31
52760	7698	1
52761	7699	31
52763	7730	1
52763	7731	31
52766	7762	1
52766	7763	31
52768	7794	1
52769	7795	31
52772	7826	1
52772	7827	31
52775	7858	1
52775	7859	31
52777	7890	1
52777	7891	31
52780	7922	1
52780	7923	31
52782	7954	1
52783	7955	31
52785	7986	1
52785	7987	31
52789	8018	1
52789	8019	31
52791	8050	1
52791	8051	31
52795	8082	1
52795	8083	31
52797	8114	1
52797	8115	31
52801	8146	1
52801	8147	31
52803	8178	1
52803	8179	31
52806	8210	1
52806	8211	31
52810	8242	1
52810	8243	31
52811	8274	1
52811	8275	16
53025	8291	1
53026	8292	31
53029	8323	1
53030	8324	25
53265	8349	1
53265	8350	31
53269	8381	1
53269	8382	24
53293	8406	1
53293	8407	31
53296	8438	1
53296	8439	31
53297	8470	1
53297	8471	13
53309	8484	1
53309	8485	31
53311	8516	1
53311	8517	31
53315	8548	1
53315	8549	31
53317	8580	1
53317	8581	31
53320	8612	1
53321	8613	31
53323	8644	1
53324	8645	31
53326	8676	1
53326	8677	31
53329	8708	1
53329	8709	31
53331	8740	1
53331	8741	31
53336	8772	1
53336	8773	31
53339	8804	1
53339	8805	31
53342	8836	1
53342	8837	31
53345	8868	1
53345	8869	31
53348	8900	1
53348	8901	31
53351	8932	1
53351	8933	31
53353	8964	1
53353	8965	31
53355	8996	1
53356	8997	31
53359	9028	1
53359	9029	31
53362	9060	1
53362	9061	31
53365	9092	1
53365	9093	31
53367	9124	1
53367	9125	31
53370	9156	1
53371	9157	31
53372	9188	1
53373	9189	31
53376	9220	1
53376	9221	31
53379	9252	1
53379	9253	31
53381	9284	1
53381	9285	31
53384	9316	1
53384	9317	31
53386	9348	1
53387	9349	31
53390	9380	1
53390	9381	31
53393	9412	1
53394	9413	29
53397	9442	1
53397	9443	31
53400	9474	1
53401	9475	31
53403	9506	1
53403	9507	31
53405	9538	1
53406	9539	31
53410	9570	1
53410	9571	31
53416	9602	1
53416	9603	31
53421	9634	1
53422	9635	31
53428	9666	1
53428	9667	31
53434	9698	1
53434	9699	31
53439	9730	1
53439	9731	31
53445	9762	1
53445	9763	31
53451	9794	1
53451	9795	31
53456	9826	1
53456	9827	31
53463	9858	1
53463	9859	31
53467	9890	1
53468	9891	31
53473	9922	1
53473	9923	31
53479	9954	1
53479	9955	31
53485	9986	1
53485	9987	31
53490	10018	1
53491	10019	31
53497	10050	1
53497	10051	31
53503	10082	1
53503	10083	31
53509	10114	1
53509	10115	31
53514	10146	1
53514	10147	31
53520	10178	1
53520	10179	31
53526	10210	1
53526	10211	31
53531	10242	1
53531	10243	31
53537	10274	1
53537	10275	31
53543	10306	1
53543	10307	31
53549	10338	1
53549	10339	31
53554	10370	1
53554	10371	31
53560	10402	1
53560	10403	31
53566	10434	1
53566	10435	31
53572	10466	1
53572	10467	31
53577	10498	1
53578	10499	31
53583	10530	1
53583	10531	31
53588	10562	1
53588	10563	31
53595	10594	1
53595	10595	31
53600	10626	1
53601	10627	31
53606	10658	1
53606	10659	31
53611	10690	1
53611	10691	31
53618	10722	1
53618	10723	31
53623	10754	1
53623	10755	31
53629	10786	1
53629	10787	31
53635	10818	1
53635	10819	31
53641	10850	1
53641	10851	31
53647	10882	1
53647	10883	31
53652	10914	1
53653	10915	31
53658	10946	1
53658	10947	31
53664	10978	1
53664	10979	31
53670	11010	1
53670	11011	31
53676	11042	1
53676	11043	31
53681	11074	1
53682	11075	31
53687	11106	1
53687	11107	31
53692	11138	1
53693	11139	31
53699	11170	1
53699	11171	31
53705	11202	1
53705	11203	31
53710	11234	1
53710	11235	31
53716	11266	1
53716	11267	31
53722	11298	1
53722	11299	31
53727	11330	1
53727	11331	31
53733	11362	1
53734	11363	31
53739	11394	1
53740	11395	31
53745	11426	1
53745	11427	31
53750	11458	1
53750	11459	31
53756	11490	1
53756	11491	31
53762	11522	1
53762	11523	31
53769	11554	1
53769	11555	31
53774	11586	1
53774	11587	31
53779	11618	1
53780	11619	31
53785	11650	1
53785	11651	31
53791	11682	1
53791	11683	31
53797	11714	1
53797	11715	31
53804	11746	1
53804	11747	31
53809	11778	1
53809	11779	31
53815	11810	1
53815	11811	31
53821	11842	1
53821	11843	31
53826	11874	1
53827	11875	31
53832	11906	1
53832	11907	31
53838	11938	1
53838	11939	31
53844	11970	1
53844	11971	31
53850	12002	1
53850	12003	31
53856	12034	1
53856	12035	31
53861	12066	1
53862	12067	31
53867	12098	1
53867	12099	31
53872	12130	1
53873	12131	31
53879	12162	1
53879	12163	31
53885	12194	1
53885	12195	31
53890	12226	1
53891	12227	31
53896	12258	1
53896	12259	31
53902	12290	1
53902	12291	31
53908	12322	1
53908	12323	31
53914	12354	1
53914	12355	31
53920	12386	1
53920	12387	31
53925	12418	1
53926	12419	31
53931	12450	1
53931	12451	31
53937	12482	1
53937	12483	31
53942	12514	1
53943	12515	31
53948	12546	1
53948	12547	31
53954	12578	1
53955	12579	31
53960	12610	1
53960	12611	31
53966	12642	1
53966	12643	31
53972	12674	1
53972	12675	31
53977	12706	1
53977	12707	31
53984	12738	1
53984	12739	31
53989	12770	1
53990	12771	31
53995	12802	1
53995	12803	31
54001	12834	1
54001	12835	31
54007	12866	1
54007	12867	31
54012	12898	1
54012	12899	31
54019	12930	1
54019	12931	31
54024	12962	1
54024	12963	31
54030	12994	1
54030	12995	31
54036	13026	1
54036	13027	31
54042	13058	1
54042	13059	31
54047	13090	1
54047	13091	31
54054	13122	1
54054	13123	31
54059	13154	1
54060	13155	31
54065	13186	1
54065	13187	31
54071	13218	1
54071	13219	31
54077	13250	1
54077	13251	31
54082	13282	1
54082	13283	31
54088	13314	1
54089	13315	31
54094	13346	1
54094	13347	31
54100	13378	1
54100	13379	31
54106	13410	1
54106	13411	31
54111	13442	1
54111	13443	31
54117	13474	1
54117	13475	31
54123	13506	1
54123	13507	31
54129	13538	1
54129	13539	31
54134	13570	1
54134	13571	31
54140	13602	1
54140	13603	31
54146	13634	1
54147	13635	31
54152	13666	1
54152	13667	31
54158	13698	1
54158	13699	31
54164	13730	1
54164	13731	31
54170	13762	1
54170	13763	31
54175	13794	1
54176	13795	31
54181	13826	1
54181	13827	31
54187	13858	1
54187	13859	31
54193	13890	1
54193	13891	31
54199	13922	1
54199	13923	31
54205	13954	1
54205	13955	31
54210	13986	1
54210	13987	31
54216	14018	1
54216	14019	31
54222	14050	1
54222	14051	31
54227	14082	1
54227	14083	31
54234	14114	1
54234	14115	31
54239	14146	1
54239	14147	31
54245	14178	1
54245	14179	31
54251	14210	1
54251	14211	31
54256	14242	1
54256	14243	31
54262	14274	1
54262	14275	31
54269	14306	1
54269	14307	31
54274	14338	1
54274	14339	31
54279	14370	1
54280	14371	31
54286	14402	1
54286	14403	31
54291	14434	1
54291	14435	31
54297	14466	1
54297	14467	31
54303	14498	1
54303	14499	31
54309	14530	1
54309	14531	31
54314	14562	1
54314	14563	31
54321	14594	1
54321	14595	31
54326	14626	1
54326	14627	31
54332	14658	1
54332	14659	31
54338	14690	1
54339	14691	31
54344	14722	1
54344	14723	31
54349	14754	1
54349	14755	31
54356	14786	1
54356	14787	31
54361	14818	1
54361	14819	31
54367	14850	1
54367	14851	31
54373	14882	1
54373	14883	31
54379	14914	1
54379	14915	31
54384	14946	1
54384	14947	31
54391	14978	1
54391	14979	31
54396	15010	1
54396	15011	31
54401	15042	1
54402	15043	31
54408	15074	1
54408	15075	31
54414	15106	1
54414	15107	31
54420	15138	1
54420	15139	31
54425	15170	1
54425	15171	31
54431	15202	1
54431	15203	31
54436	15234	1
54437	15235	31
54443	15266	1
54443	15267	31
54449	15298	1
54449	15299	31
54454	15330	1
54454	15331	31
54460	15362	1
54460	15363	31
54466	15394	1
54466	15395	31
54471	15426	1
54471	15427	31
54477	15458	1
54477	15459	31
54484	15490	1
54484	15491	31
54489	15522	1
54489	15523	31
54494	15554	1
54495	15555	31
54501	15586	1
54501	15587	31
54506	15618	1
54506	15619	31
54512	15650	1
54512	15651	31
54518	15682	1
54519	15683	31
54524	15714	1
54524	15715	31
54529	15746	1
54530	15747	31
54536	15778	1
54536	15779	31
54541	15810	1
54541	15811	31
54547	15842	1
54547	15843	31
54554	15874	1
54554	15875	31
54559	15906	1
54559	15907	31
54564	15938	1
54564	15939	31
54570	15970	1
54571	15971	31
54576	16002	1
54576	16003	31
54582	16034	1
54582	16035	31
54588	16066	1
54589	16067	31
54593	16098	1
54593	16099	31
54599	16130	1
54599	16131	31
54606	16162	1
54606	16163	31
54611	16194	1
54611	16195	31
54617	16226	1
54617	16227	31
54623	16258	1
54623	16259	31
54629	16290	1
54629	16291	31
54635	16322	1
54635	16323	31
54640	16354	1
54640	16355	31
54646	16386	1
54646	16387	31
54652	16418	1
54652	16419	31
54658	16450	1
54658	16451	31
54664	16482	1
54664	16483	31
54669	16514	1
54670	16515	31
54675	16546	1
54675	16547	31
54681	16578	1
54682	16579	31
54686	16610	1
54687	16611	31
54693	16642	1
54693	16643	31
54699	16674	1
54699	16675	31
54704	16706	1
54705	16707	31
54710	16738	1
54710	16739	31
54716	16770	1
54716	16771	31
54719	16802	1
54719	16803	12
54992	16815	1
54992	16816	31
54995	16847	1
54995	16848	31
54998	16879	1
54999	16880	31
55002	16911	1
55002	16912	26
55344	16938	1
55344	16939	31
55346	16970	1
55346	16971	13
55470	16984	1
55470	16985	15
55486	17000	1
55486	17001	15
55539	17016	1
55539	17017	31
55540	17048	1
55540	17049	8
55628	17057	1
55628	17058	18
55645	17076	1
55645	17077	18
55657	17095	1
55657	17096	31
55659	17127	1
55659	17128	20
55668	17148	1
55668	17149	31
55672	17180	1
55672	17181	31
55673	17212	1
55674	17213	31
55676	17244	1
55677	17245	9
55715	17254	1
55715	17255	31
55718	17286	1
55718	17287	31
55721	17318	1
55721	17319	31
55722	17350	1
55722	17351	8
55747	17359	1
55748	17360	31
55750	17391	1
55750	17392	31
55753	17423	1
55753	17424	31
55755	17455	1
55755	17456	10
55764	17466	1
55764	17467	31
55767	17498	1
55768	17499	31
55769	17530	1
55770	17531	31
55771	17562	1
55771	17563	8
55781	17571	1
55781	17572	31
55783	17603	1
55784	17604	31
55786	17635	1
55786	17636	31
55789	17667	1
55789	17668	11
55801	17679	1
55801	17680	31
55804	17711	1
55805	17712	31
55806	17743	1
55806	17744	31
55809	17775	1
55809	17776	9
55838	17785	1
55839	17786	31
55842	17817	1
55842	17818	31
55845	17849	1
55845	17850	31
55846	17881	1
55846	17882	8
55858	17890	1
55858	17891	17
55860	17908	1
55860	17909	31
55864	17940	1
55864	17941	31
55866	17972	1
55867	17973	31
55868	18004	1
55868	18005	9
55914	18014	1
55914	18015	31
55916	18046	1
55916	18047	31
55920	18078	1
55920	18079	31
55922	18110	1
55922	18111	11
55930	18122	1
55930	18123	31
55933	18154	1
55933	18155	31
55936	18186	1
55936	18187	31
55937	18218	1
55937	18219	10
56109	18229	1
56110	18230	31
56111	18261	1
56111	18262	31
56115	18293	1
56115	18294	31
56117	18325	1
56117	18326	8
56214	18334	1
56215	18335	31
56217	18366	1
56217	18367	31
56220	18398	1
56221	18399	31
56222	18430	1
56222	18431	9
56276	18440	1
56277	18441	31
56280	18472	1
56280	18473	31
56283	18504	1
56283	18505	31
56284	18536	1
56284	18537	7
56329	18544	1
56329	18545	31
56332	18576	1
56332	18577	31
56334	18608	1
56334	18609	31
56336	18640	1
56337	18641	8
56388	18649	1
56388	18650	31
56391	18681	1
56391	18682	31
56394	18713	1
56394	18714	31
56395	18745	1
56396	18746	8
56427	18754	1
56427	18755	31
56429	18786	1
56430	18787	31
56432	18818	1
56432	18819	31
56435	18850	1
56435	18851	10
56486	18861	1
56486	18862	31
56489	18893	1
56489	18894	31
56492	18925	1
56492	18926	31
56494	18957	1
56494	18958	8
56537	18966	1
56537	18967	31
56540	18998	1
56540	18999	31
56542	19030	1
56542	19031	31
56544	19062	1
56544	19063	8
56596	19071	1
56597	19072	31
56600	19103	1
56600	19104	31
56603	19135	1
56603	19136	31
56605	19167	1
56605	19168	10
56681	19178	1
56681	19179	31
56684	19210	1
56684	19211	31
56687	19242	1
56687	19243	31
56689	19274	1
56689	19275	12
56692	19287	1
56692	19288	31
56695	19319	1
56695	19320	31
56697	19351	1
56697	19352	1
56806	19353	1
56806	19354	31
56809	19385	1
56809	19386	31
56812	19417	1
56812	19418	31
56814	19449	1
56814	19450	6
56870	19456	1
56870	19457	26
56892	19483	1
56892	19484	31
56895	19515	1
56895	19516	31
56899	19547	1
56899	19548	31
56900	19579	1
56901	19580	8
56915	19588	1
56915	19589	31
56918	19620	1
56918	19621	31
56920	19652	1
56921	19653	31
56923	19684	1
56923	19685	11
56932	19696	1
56932	19697	31
56935	19728	1
56935	19729	31
56937	19760	1
56937	19761	31
56940	19792	1
56940	19793	11
56952	19804	1
56953	19805	31
56955	19836	1
56955	19837	31
56957	19868	1
56957	19869	31
56960	19900	1
56960	19901	8
56990	19909	1
56991	19910	31
56994	19941	1
56994	19942	31
56997	19973	1
56997	19974	31
56999	20005	1
56999	20006	9
57030	20015	1
57030	20016	31
57033	20047	1
57033	20048	31
57036	20079	1
57036	20080	31
57038	20111	1
57038	20112	8
57046	20120	1
57047	20121	31
57049	20152	1
57049	20153	31
57052	20184	1
57052	20185	31
57054	20216	1
57054	20217	10
57073	20227	1
57073	20228	31
57076	20259	1
57076	20260	31
57079	20291	1
57079	20292	31
57081	20323	1
57081	20324	10
57103	20334	1
57103	20335	31
57105	20366	1
57105	20367	31
57108	20398	1
57108	20399	31
57110	20430	1
57110	20431	7
57138	20438	1
57139	20439	31
57141	20470	1
57141	20471	31
57145	20502	1
57145	20503	31
57147	20534	1
57147	20535	31
57149	20566	1
57149	20567	10
57156	20577	1
57157	20578	31
57159	20609	1
57159	20610	12
57166	20622	1
57166	20623	31
57169	20654	1
57170	20655	31
57171	20686	1
57172	20687	31
57175	20718	1
57175	20719	31
57178	20750	1
57178	20751	31
57181	20782	1
57181	20783	22
57187	20805	1
57187	20806	31
57191	20837	1
57191	20838	24
57194	20862	1
57194	20863	31
57198	20894	1
57198	20895	26
57215	20921	1
57215	20922	31
57218	20953	1
57218	20954	31
57221	20985	1
57221	20986	31
57223	21017	1
57223	21018	31
57225	21049	1
57226	21050	31
57229	21081	1
57229	21082	22
57236	21104	1
57236	21105	31
57240	21136	1
57240	21137	24
57242	21161	1
57243	21162	31
57246	21193	1
57246	21194	25
57254	21219	1
57254	21220	31
57257	21251	1
57257	21252	31
57259	21283	1
57259	21284	31
57263	21315	1
57263	21316	31
57265	21347	1
57265	21348	31
57268	21379	1
57269	21380	31
57271	21411	1
57271	21412	31
57274	21443	1
57274	21444	15
57330	21459	1
57331	21460	31
57334	21491	1
57334	21492	31
57336	21523	1
57336	21524	31
57339	21555	1
57339	21556	31
57343	21587	1
57343	21588	31
57345	21619	1
57345	21620	31
57348	21651	1
57349	21652	31
57352	21683	1
57353	21684	29
57409	21713	1
57410	21714	31
57413	21745	1
57413	21746	25
57443	21771	1
57444	21772	31
57446	21803	1
57446	21804	31
57449	21835	1
57449	21836	31
57451	21867	1
57451	21868	31
57455	21899	1
57455	21900	31
57458	21931	1
57458	21932	31
57461	21963	1
57461	21964	31
57465	21995	1
57465	21996	31
57468	22027	1
57468	22028	31
57471	22059	1
57471	22060	31
57474	22091	1
57475	22092	31
57477	22123	1
57478	22124	31
57479	22155	1
57480	22156	17
57576	22173	1
57576	22174	31
57579	22205	1
57579	22206	31
57582	22237	1
57582	22238	31
57584	22269	1
57584	22270	31
57587	22301	1
57587	22302	12
57593	22314	1
57593	22315	31
57596	22346	1
57596	22347	18
57610	22365	1
57610	22366	31
57613	22397	1
57614	22398	31
57618	22429	1
57618	22430	29
57629	22459	1
57629	22460	31
57632	22491	1
57632	22492	31
57633	22523	1
57634	22524	10
57659	22534	1
57660	22535	31
57663	22566	1
57663	22567	31
57665	22598	1
57666	22599	31
57668	22630	1
57668	22631	31
57672	22662	1
57672	22663	20
58176	22683	1
58176	22684	2
58181	22686	1
58181	22687	19
58186	22706	1
58186	22707	21
58201	22728	1
58202	22729	15
58859	22744	1
58859	22745	31
58861	22776	1
58861	22777	31
58863	22808	1
58863	22809	31
58867	22840	1
58867	22841	31
58869	22872	1
58869	22873	31
58872	22904	1
58873	22905	31
58875	22936	1
58875	22937	31
58877	22968	1
58877	22969	31
58881	23000	1
58881	23001	31
58883	23032	1
58883	23033	31
58886	23064	1
58886	23065	31
58889	23096	1
58889	23097	31
58891	23128	1
58891	23129	31
58895	23160	1
58895	23161	31
58896	23192	1
58897	23193	31
58900	23224	1
58900	23225	31
58903	23256	1
58903	23257	31
58905	23288	1
58905	23289	31
58909	23320	1
58909	23321	31
58910	23352	1
58911	23353	31
58914	23384	1
58914	23385	31
58917	23416	1
58917	23417	31
58919	23448	1
58919	23449	31
58922	23480	1
58923	23481	31
58924	23512	1
58924	23513	31
58928	23544	1
58928	23545	31
58931	23576	1
58931	23577	31
58933	23608	1
58933	23609	31
58936	23640	1
58936	23641	31
58938	23672	1
58938	23673	31
58942	23704	1
58942	23705	31
58945	23736	1
58945	23737	31
58946	23768	1
58947	23769	31
58950	23800	1
58950	23801	31
58952	23832	1
58952	23833	31
58956	23864	1
58956	23865	31
58959	23896	1
58959	23897	31
58961	23928	1
58961	23929	31
58964	23960	1
58964	23961	31
58966	23992	1
58966	23993	31
58970	24024	1
58970	24025	31
58972	24056	1
58973	24057	31
58975	24088	1
58975	24089	31
58978	24120	1
58978	24121	31
58980	24152	1
58980	24153	31
58983	24184	1
58984	24185	31
58986	24216	1
58986	24217	31
58988	24248	1
58988	24249	31
58992	24280	1
58992	24281	31
58994	24312	1
58994	24313	31
58997	24344	1
58997	24345	31
59000	24376	1
59001	24377	31
59002	24408	1
59002	24409	31
59006	24440	1
59006	24441	31
59008	24472	1
59008	24473	31
59011	24504	1
59011	24505	31
59013	24536	1
59014	24537	31
59016	24568	1
59016	24569	31
59020	24600	1
59020	24601	31
59021	24632	1
59022	24633	31
59025	24664	1
59025	24665	31
59028	24696	1
59028	24697	31
59030	24728	1
59030	24729	31
59033	24760	1
59034	24761	31
59035	24792	1
59036	24793	31
59039	24824	1
59039	24825	31
59042	24856	1
59042	24857	31
59044	24888	1
59044	24889	31
59047	24920	1
59048	24921	31
59049	24952	1
59049	24953	31
59053	24984	1
59053	24985	31
59055	25016	1
59055	25017	31
59058	25048	1
59058	25049	31
59061	25080	1
59061	25081	31
59063	25112	1
59063	25113	31
59067	25144	1
59067	25145	31
59070	25176	1
59070	25177	31
59071	25208	1
59072	25209	31
59075	25240	1
59075	25241	31
59077	25272	1
59077	25273	31
59081	25304	1
59081	25305	31
59084	25336	1
59084	25337	31
59085	25368	1
59085	25369	31
59089	25400	1
59089	25401	31
59091	25432	1
59091	25433	31
59095	25464	1
59095	25465	31
59098	25496	1
59098	25497	31
59099	25528	1
59099	25529	31
59103	25560	1
59103	25561	31
59105	25592	1
59105	25593	31
59108	25624	1
59109	25625	31
59111	25656	1
59112	25657	31
59113	25688	1
59113	25689	31
59117	25720	1
59117	25721	31
59119	25752	1
59119	25753	31
59122	25784	1
59123	25785	31
59125	25816	1
59126	25817	31
59127	25848	1
59127	25849	31
59131	25880	1
59131	25881	31
59133	25912	1
59133	25913	31
59135	25944	1
59136	25945	31
59138	25976	1
59139	25977	31
59141	26008	1
59141	26009	31
59144	26040	1
59145	26041	31
59146	26072	1
59147	26073	31
59150	26104	1
59150	26105	31
59153	26136	1
59153	26137	31
59155	26168	1
59155	26169	31
59158	26200	1
59159	26201	31
59160	26232	1
59160	26233	31
59164	26264	1
59164	26265	31
59167	26296	1
59167	26297	31
59169	26328	1
59169	26329	31
59172	26360	1
59172	26361	31
59174	26392	1
59174	26393	31
59178	26424	1
59178	26425	31
59181	26456	1
59181	26457	31
59182	26488	1
59183	26489	31
59186	26520	1
59186	26521	31
59188	26552	1
59188	26553	31
59192	26584	1
59192	26585	31
59195	26616	1
59195	26617	31
59196	26648	1
59197	26649	31
59200	26680	1
59200	26681	31
59202	26712	1
59202	26713	31
59206	26744	1
59206	26745	31
59208	26776	1
59209	26777	31
59210	26808	1
59210	26809	31
59214	26840	1
59214	26841	31
59216	26872	1
59216	26873	31
59219	26904	1
59220	26905	31
59222	26936	1
59223	26937	31
59224	26968	1
59224	26969	31
59228	27000	1
59228	27001	31
59230	27032	1
59230	27033	31
59233	27064	1
59234	27065	31
59236	27096	1
59236	27097	31
59238	27128	1
59238	27129	31
59242	27160	1
59242	27161	31
59244	27192	1
59244	27193	31
59247	27224	1
59247	27225	31
59250	27256	1
59250	27257	31
59252	27288	1
59252	27289	31
59256	27320	1
59256	27321	31
59258	27352	1
59258	27353	31
59260	27384	1
59260	27385	31
59264	27416	1
59264	27417	31
59266	27448	1
59266	27449	31
59269	27480	1
59270	27481	31
59271	27512	1
59272	27513	31
59275	27544	1
59275	27545	31
59278	27576	1
59278	27577	31
59280	27608	1
59280	27609	31
59283	27640	1
59284	27641	31
59285	27672	1
59286	27673	31
59289	27704	1
59289	27705	31
59292	27736	1
59292	27737	31
59293	27768	1
59294	27769	31
59297	27800	1
59297	27801	31
59299	27832	1
59299	27833	31
59303	27864	1
59303	27865	31
59306	27896	1
59306	27897	31
59307	27928	1
59308	27929	31
59311	27960	1
59311	27961	31
59313	27992	1
59313	27993	31
59316	28024	1
59316	28025	31
59320	28056	1
59320	28057	31
59321	28088	1
59321	28089	31
59325	28120	1
59325	28121	31
59327	28152	1
59327	28153	31
59331	28184	1
59331	28185	31
59333	28216	1
59334	28217	31
59335	28248	1
59335	28249	31
59339	28280	1
59339	28281	31
59341	28312	1
59341	28313	31
59343	28344	1
59344	28345	31
59347	28376	1
59348	28377	31
59350	28408	1
59350	28409	31
59353	28440	1
59353	28441	31
59355	28472	1
59356	28473	31
59358	28504	1
59358	28505	31
59361	28536	1
59361	28537	31
59364	28568	1
59364	28569	31
59367	28600	1
59367	28601	31
59369	28632	1
59369	28633	31
59372	28664	1
59372	28665	31
59375	28696	1
59375	28697	31
59378	28728	1
59378	28729	31
59380	28760	1
59381	28761	31
59383	28792	1
59383	28793	31
59386	28824	1
59386	28825	31
59388	28856	1
59388	28857	31
59392	28888	1
59392	28889	31
59394	28920	1
59395	28921	31
59396	28952	1
59397	28953	31
59400	28984	1
59400	28985	31
59403	29016	1
59403	29017	31
59405	29048	1
59405	29049	31
59408	29080	1
59408	29081	31
59411	29112	1
59411	29113	31
59414	29144	1
59414	29145	31
59417	29176	1
59417	29177	31
59419	29208	1
59420	29209	31
59422	29240	1
59422	29241	31
59424	29272	1
59424	29273	31
59428	29304	1
59428	29305	31
59431	29336	1
59431	29337	31
59433	29368	1
59433	29369	31
59436	29400	1
59436	29401	31
59438	29432	1
59438	29433	31
59442	29464	1
59442	29465	31
59444	29496	1
59445	29497	31
59447	29528	1
59447	29529	31
59450	29560	1
59450	29561	31
59452	29592	1
59452	29593	31
59455	29624	1
59455	29625	31
59458	29656	1
59459	29657	31
59461	29688	1
59461	29689	31
59464	29720	1
59464	29721	31
59466	29752	1
59466	29753	31
59469	29784	1
59469	29785	31
59472	29816	1
59473	29817	31
59474	29848	1
59474	29849	31
59477	29880	1
59478	29881	31
59480	29912	1
59480	29913	31
59483	29944	1
59483	29945	21
59889	29966	1
59890	29967	31
59890	29998	1
59890	29999	3
60110	30002	1
60110	30003	31
60112	30034	1
60112	30035	31
60115	30066	1
60115	30067	31
60119	30098	1
60119	30099	31
60120	30130	1
60121	30131	9
60456	30140	1
60456	30141	31
60458	30172	1
60458	30173	3
61124	30176	1
61124	30177	31
61126	30208	1
61126	30209	3
61280	30212	1
61281	30213	31
61284	30244	1
61284	30245	31
61285	30276	1
61286	30277	8
65628	30285	1
65628	30286	31
65628	30317	1
65628	30318	3
66024	30321	1
66024	30322	31
66026	30353	1
66027	30354	31
66030	30385	1
66030	30386	22
66100	30408	1
66100	30409	31
66102	30440	1
66102	30441	31
66104	30472	1
66104	30473	3
66706	30476	1
66706	30477	31
66708	30508	1
66709	30509	31
66712	30540	1
66712	30541	31
66715	30572	1
66715	30573	31
66718	30604	1
66718	30605	31
66719	30636	1
66720	30637	31
66722	30668	1
66723	30669	31
66726	30700	1
66726	30701	31
66728	30732	1
66729	30733	31
66731	30764	1
66732	30765	31
66733	30796	1
66734	30797	31
66738	30828	1
66738	30829	28
66926	30857	1
66927	30858	24
67025	30882	1
67025	30883	31
67028	30914	1
67028	30915	31
67031	30946	1
67031	30947	11
67293	30958	1
67293	30959	31
67296	30990	1
67296	30991	31
67299	31022	1
67299	31023	31
67302	31054	1
67302	31055	31
67304	31086	1
67305	31087	31
67305	31118	1
67420	31119	1
67420	31120	31
67422	31151	1
67423	31152	19
67430	31171	1
67430	31172	31
67433	31203	1
67433	31204	31
67436	31235	1
67436	31236	31
67438	31267	1
67439	31268	7
68373	31275	1
68373	31276	21
68426	31297	1
68427	31298	31
68429	31329	1
68430	31330	31
68432	31361	1
68432	31362	31
68435	31393	1
68435	31394	31
68438	31425	1
68438	31426	31
68441	31457	1
68441	31458	31
68443	31489	1
68443	31490	31
68446	31521	1
68446	31522	14
68451	31536	1
68451	31537	31
68454	31568	1
68454	31569	31
68456	31600	1
68456	31601	31
68459	31632	1
68459	31633	31
68462	31664	1
68462	31665	31
68465	31696	1
68465	31697	31
68467	31728	1
68467	31729	31
68470	31760	1
68470	31761	31
68473	31792	1
68473	31793	31
68476	31824	1
68476	31825	31
68479	31856	1
68479	31857	31
68481	31888	1
68482	31889	31
68483	31920	1
68484	31921	10
68487	31931	1
68487	31932	31
68490	31963	1
68491	31964	31
68492	31995	1
68492	31996	31
68495	32027	1
68495	32028	31
68497	32059	1
68497	32060	31
68501	32091	1
68501	32092	31
68504	32123	1
68504	32124	31
68506	32155	1
68506	32156	31
68509	32187	1
68509	32188	31
68511	32219	1
68511	32220	31
68516	32251	1
68516	32252	31
68518	32283	1
68518	32284	31
68521	32315	1
68521	32316	31
68525	32347	1
68525	32348	20
68528	32368	1
68528	32369	31
68531	32400	1
68531	32401	31
68534	32432	1
68534	32433	31
68537	32464	1
68537	32465	31
68539	32496	1
68539	32497	31
68542	32528	1
68542	32529	31
68545	32560	1
68545	32561	31
68547	32592	1
68548	32593	31
68550	32624	1
68551	32625	31
68553	32656	1
68553	32657	31
68555	32688	1
68555	32689	31
68559	32720	1
68559	32721	31
68561	32752	1
68561	32753	31
68564	32784	1
68564	32785	31
68567	32816	1
68567	32817	31
68570	32848	1
68570	32849	31
68572	32880	1
68572	32881	31
68575	32912	1
68575	32913	31
68578	32944	1
68578	32945	31
68580	32976	1
68581	32977	31
68584	33008	1
68584	33009	31
68586	33040	1
68587	33041	31
68589	33072	1
68589	33073	31
68592	33104	1
68592	33105	31
68595	33136	1
68595	33137	31
68597	33168	1
68597	33169	31
68600	33200	1
68601	33201	31
68603	33232	1
68603	33233	31
68606	33264	1
68606	33265	31
68608	33296	1
68609	33297	31
68611	33328	1
68611	33329	31
68613	33360	1
68614	33361	31
68617	33392	1
68617	33393	31
68620	33424	1
68620	33425	31
68622	33456	1
68623	33457	31
68625	33488	1
68625	33489	31
68628	33520	1
68628	33521	31
68630	33552	1
68630	33553	31
68634	33584	1
68634	33585	31
68636	33616	1
68636	33617	31
68639	33648	1
68639	33649	31
68642	33680	1
68642	33681	31
68645	33712	1
68645	33713	31
68648	33744	1
68648	33745	31
68650	33776	1
68650	33777	31
68653	33808	1
68653	33809	31
68656	33840	1
68656	33841	31
68659	33872	1
68659	33873	31
68662	33904	1
68662	33905	31
68663	33936	1
68664	33937	31
68667	33968	1
68667	33969	31
68670	34000	1
68670	34001	31
68672	34032	1
68673	34033	31
68675	34064	1
68675	34065	31
68678	34096	1
68678	34097	31
68681	34128	1
68681	34129	31
68684	34160	1
68684	34161	31
68686	34192	1
68686	34193	31
68689	34224	1
68689	34225	31
68692	34256	1
68692	34257	31
68694	34288	1
68695	34289	31
68698	34320	1
68698	34321	31
68700	34352	1
68700	34353	31
68703	34384	1
68703	34385	31
68706	34416	1
68706	34417	31
68709	34448	1
68709	34449	31
68711	34480	1
68711	34481	31
68714	34512	1
68714	34513	31
68717	34544	1
68717	34545	31
68720	34576	1
68720	34577	31
68722	34608	1
68723	34609	31
68725	34640	1
68725	34641	31
68728	34672	1
68728	34673	31
68731	34704	1
68731	34705	31
68733	34736	1
68734	34737	31
68736	34768	1
68737	34769	31
68739	34800	1
68739	34801	31
68742	34832	1
68742	34833	18
68879	34851	1
68879	34852	31
68881	34883	1
68882	34884	31
68885	34915	1
68885	34916	25
68889	34941	1
68889	34942	31
68892	34973	1
68892	34974	31
68895	35005	1
68895	35006	31
68897	35037	1
68898	35038	31
68900	35069	1
68900	35070	31
68903	35101	1
68903	35102	31
68906	35133	1
68906	35134	31
68908	35165	1
68909	35166	31
68911	35197	1
68912	35198	31
68914	35229	1
68914	35230	31
68917	35261	1
68917	35262	31
68920	35293	1
68920	35294	31
68922	35325	1
68922	35326	31
68925	35357	1
68925	35358	31
68928	35389	1
68928	35390	31
68930	35421	1
68930	35422	31
68934	35453	1
68934	35454	31
68936	35485	1
68936	35486	31
68939	35517	1
68939	35518	31
68942	35549	1
68942	35550	31
68945	35581	1
68945	35582	31
68947	35613	1
68947	35614	31
68950	35645	1
68950	35646	31
68953	35677	1
68953	35678	31
68956	35709	1
68956	35710	31
68958	35741	1
68959	35742	31
68961	35773	1
68961	35774	31
68963	35805	1
68963	35806	31
68967	35837	1
68967	35838	31
68970	35869	1
68970	35870	31
68972	35901	1
68972	35902	31
68975	35933	1
68975	35934	31
68978	35965	1
68978	35966	31
68981	35997	1
68981	35998	31
68984	36029	1
68984	36030	31
68986	36061	1
68986	36062	31
68989	36093	1
68989	36094	31
68992	36125	1
68992	36126	31
68995	36157	1
68995	36158	31
68997	36189	1
68998	36190	31
69000	36221	1
69000	36222	31
69003	36253	1
69003	36254	31
69006	36285	1
69006	36286	31
69008	36317	1
69009	36318	31
69011	36349	1
69012	36350	31
69014	36381	1
69014	36382	31
69016	36413	1
69017	36414	31
69019	36445	1
69020	36446	31
69022	36477	1
69023	36478	31
69025	36509	1
69026	36510	31
69028	36541	1
69028	36542	31
69031	36573	1
69031	36574	31
69033	36605	1
69033	36606	31
69036	36637	1
69036	36638	31
69039	36669	1
69039	36670	31
69042	36701	1
69042	36702	31
69044	36733	1
69044	36734	31
69047	36765	1
69047	36766	31
69050	36797	1
69050	36798	31
69053	36829	1
69053	36830	31
69056	36861	1
69056	36862	31
69058	36893	1
69059	36894	31
69061	36925	1
69061	36926	31
69064	36957	1
69064	36958	31
69067	36989	1
69067	36990	31
69069	37021	1
69070	37022	31
69072	37053	1
69073	37054	31
69075	37085	1
69075	37086	31
69078	37117	1
69078	37118	31
69081	37149	1
69081	37150	31
69083	37181	1
69083	37182	31
69085	37213	1
69086	37214	31
69088	37245	1
69088	37246	31
69092	37277	1
69092	37278	31
69095	37309	1
69095	37310	31
69097	37341	1
69097	37342	31
69100	37373	1
69100	37374	31
69102	37405	1
69102	37406	31
69106	37437	1
69106	37438	31
69108	37469	1
69109	37470	31
69111	37501	1
69111	37502	31
69114	37533	1
69114	37534	31
69116	37565	1
69117	37566	31
69119	37597	1
69119	37598	31
69122	37629	1
69123	37630	31
69125	37661	1
69125	37662	31
69128	37693	1
69128	37694	31
69130	37725	1
69131	37726	31
69133	37757	1
69134	37758	31
69136	37789	1
69136	37790	31
69139	37821	1
69139	37822	31
69141	37853	1
69141	37854	31
69144	37885	1
69144	37886	31
69147	37917	1
69147	37918	31
69188	37949	1
69188	37950	31
69190	37981	1
69191	37982	31
69193	38013	1
69193	38014	31
69196	38045	1
69196	38046	21
69256	38067	1
69256	38068	31
69260	38099	1
69260	38100	31
69262	38131	1
69262	38132	31
69265	38163	1
69265	38164	31
69267	38195	1
69268	38196	31
69271	38227	1
69271	38228	31
69274	38259	1
69274	38260	31
69276	38291	1
69276	38292	31
69279	38323	1
69279	38324	31
69282	38355	1
69282	38356	31
69285	38387	1
69285	38388	31
69288	38419	1
69288	38420	31
69290	38451	1
69290	38452	31
69293	38483	1
69293	38484	31
69296	38515	1
69297	38516	31
69298	38547	1
69298	38548	31
69301	38579	1
69302	38580	31
69304	38611	1
69304	38612	31
69307	38643	1
69307	38644	23
69477	38667	1
69477	38668	31
69480	38699	1
69480	38700	31
69483	38731	1
69483	38732	31
69485	38763	1
69485	38764	31
69488	38795	1
69488	38796	31
69491	38827	1
69491	38828	31
69494	38859	1
69494	38860	31
69497	38891	1
69497	38892	31
69499	38923	1
69499	38924	31
69502	38955	1
69502	38956	31
69505	38987	1
69505	38988	31
69508	39019	1
69508	39020	31
69510	39051	1
69511	39052	31
69513	39083	1
69513	39084	31
69516	39115	1
69516	39116	31
69518	39147	1
69518	39148	10
69538	39158	1
69538	39159	31
69540	39190	1
69540	39191	31
69543	39222	1
69543	39223	31
69547	39254	1
69547	39255	31
69548	39286	1
69549	39287	31
69551	39318	1
69551	39319	31
69554	39350	1
69554	39351	31
69557	39382	1
69557	39383	31
69560	39414	1
69561	39415	28
71061	39443	1
71061	39444	31
71064	39475	1
71065	39476	31
71068	39507	1
71068	39508	21
71071	39529	1
71072	39530	31
71075	39561	1
71075	39562	31
71078	39593	1
71078	39594	21
71082	39615	1
71082	39616	31
71085	39647	1
71086	39648	31
71089	39679	1
71089	39680	30
71092	39710	1
71093	39711	31
71096	39742	1
71096	39743	31
71099	39774	1
71099	39775	27
71294	39802	1
71294	39803	31
71297	39834	1
71297	39835	31
71299	39866	1
71299	39867	31
71302	39898	1
71303	39899	31
71305	39930	1
71305	39931	31
71308	39962	1
71308	39963	31
71311	39994	1
71311	39995	31
71313	40026	1
71313	40027	31
71316	40058	1
71316	40059	31
71318	40090	1
71318	40091	10
71636	40101	1
71637	40102	31
71639	40133	1
71639	40134	31
71642	40165	1
71642	40166	31
71644	40197	1
71645	40198	31
71647	40229	1
71648	40230	31
71650	40261	1
71650	40262	31
71653	40293	1
71653	40294	31
71656	40325	1
71656	40326	31
71659	40357	1
71659	40358	28
71686	40386	1
71686	40387	31
71688	40418	1
71688	40419	31
71691	40450	1
71691	40451	31
71693	40482	1
71693	40483	31
71696	40514	1
71697	40515	31
71697	40546	1
71713	40547	1
71713	40548	31
71716	40579	1
71716	40580	31
71719	40611	1
71719	40612	31
71721	40643	1
71721	40644	21
71756	40665	1
71756	40666	31
71760	40697	1
71760	40698	31
71762	40729	1
71762	40730	13
71807	40743	1
71808	40744	31
71810	40775	1
71810	40776	31
71813	40807	1
71813	40808	31
71816	40839	1
71816	40840	31
71818	40871	1
71818	40872	31
71821	40903	1
71821	40904	31
71824	40935	1
71825	40936	31
71827	40967	1
71827	40968	31
71830	40999	1
71830	41000	31
71832	41031	1
71832	41032	31
71835	41063	1
71835	41064	31
71838	41095	1
71838	41096	31
71841	41127	1
71841	41128	31
71843	41159	1
71844	41160	31
71846	41191	1
71846	41192	31
71848	41223	1
71848	41224	31
71852	41255	1
71852	41256	31
71855	41287	1
71855	41288	31
71857	41319	1
71858	41320	31
71860	41351	1
71860	41352	31
71863	41383	1
71863	41384	31
71866	41415	1
71866	41416	31
71868	41447	1
71868	41448	31
71871	41479	1
71871	41480	31
71874	41511	1
71874	41512	31
71877	41543	1
71877	41544	31
71880	41575	1
71880	41576	31
71882	41607	1
71882	41608	31
71885	41639	1
71885	41640	31
71888	41671	1
71888	41672	31
71891	41703	1
71891	41704	31
71893	41735	1
71894	41736	31
71896	41767	1
71896	41768	31
71899	41799	1
71899	41800	31
71902	41831	1
71902	41832	31
71905	41863	1
71905	41864	31
71907	41895	1
71908	41896	31
71910	41927	1
71910	41928	31
71912	41959	1
71913	41960	31
71916	41991	1
71916	41992	31
71918	42023	1
71919	42024	31
71921	42055	1
71921	42056	31
71924	42087	1
71924	42088	31
71927	42119	1
71927	42120	31
71929	42151	1
71930	42152	31
71932	42183	1
71933	42184	31
71935	42215	1
71936	42216	31
71938	42247	1
71938	42248	31
71941	42279	1
71941	42280	31
71943	42311	1
71943	42312	31
71945	42343	1
71946	42344	31
71948	42375	1
71948	42376	31
71952	42407	1
71952	42408	31
71954	42439	1
71955	42440	31
71957	42471	1
71957	42472	31
71960	42503	1
71960	42504	31
71962	42535	1
71962	42536	31
71965	42567	1
71966	42568	31
71968	42599	1
71969	42600	31
71971	42631	1
71971	42632	31
71974	42663	1
71974	42664	31
71977	42695	1
71977	42696	31
71979	42727	1
71979	42728	31
71982	42759	1
71982	42760	31
71985	42791	1
71985	42792	31
71988	42823	1
71988	42824	31
71991	42855	1
71991	42856	31
71993	42887	1
71993	42888	31
71995	42919	1
71995	42920	31
71999	42951	1
71999	42952	31
72002	42983	1
72002	42984	31
72004	43015	1
72005	43016	31
72007	43047	1
72007	43048	31
72010	43079	1
72010	43080	31
72013	43111	1
72013	43112	31
72016	43143	1
72016	43144	31
72018	43175	1
72019	43176	31
72021	43207	1
72021	43208	31
72024	43239	1
72024	43240	31
72027	43271	1
72027	43272	31
72029	43303	1
72029	43304	31
72032	43335	1
72032	43336	31
72035	43367	1
72035	43368	31
72038	43399	1
72038	43400	31
72041	43431	1
72041	43432	31
72043	43463	1
72044	43464	31
72045	43495	1
72046	43496	31
72048	43527	1
72048	43528	31
72051	43559	1
72052	43560	31
72054	43591	1
72055	43592	31
72057	43623	1
72057	43624	31
72060	43655	1
72060	43656	31
72063	43687	1
72063	43688	31
72066	43719	1
72066	43720	31
72068	43751	1
72069	43752	31
72071	43783	1
72071	43784	31
72074	43815	1
72074	43816	31
72077	43847	1
72077	43848	31
72079	43879	1
72080	43880	31
72082	43911	1
72083	43912	31
72085	43943	1
72085	43944	31
72088	43975	1
72088	43976	31
72090	44007	1
72091	44008	31
72093	44039	1
72094	44040	31
72096	44071	1
72096	44072	31
72099	44103	1
72099	44104	31
72102	44135	1
72102	44136	31
72104	44167	1
72104	44168	31
72107	44199	1
72107	44200	31
72110	44231	1
72110	44232	31
72113	44263	1
72113	44264	31
72116	44295	1
72116	44296	31
72118	44327	1
72118	44328	31
72121	44359	1
72121	44360	31
72124	44391	1
72124	44392	31
72126	44423	1
72127	44424	31
72129	44455	1
72130	44456	31
72132	44487	1
72132	44488	31
72135	44519	1
72135	44520	31
72138	44551	1
72138	44552	31
72140	44583	1
72141	44584	31
72143	44615	1
72143	44616	31
72146	44647	1
72146	44648	31
72149	44679	1
72149	44680	31
72152	44711	1
72152	44712	31
72154	44743	1
72154	44744	31
72157	44775	1
72157	44776	31
72159	44807	1
72159	44808	31
72162	44839	1
72163	44840	31
72165	44871	1
72166	44872	31
72168	44903	1
72168	44904	31
72171	44935	1
72171	44936	31
72174	44967	1
72174	44968	31
72177	44999	1
72177	45000	31
72180	45031	1
72180	45032	31
72182	45063	1
72182	45064	31
72185	45095	1
72185	45096	31
72188	45127	1
72188	45128	31
72191	45159	1
72191	45160	31
72193	45191	1
72194	45192	31
72196	45223	1
72196	45224	31
72199	45255	1
72199	45256	31
72201	45287	1
72202	45288	31
72204	45319	1
72205	45320	31
72207	45351	1
72208	45352	31
72210	45383	1
72210	45384	31
72212	45415	1
72213	45416	31
72215	45447	1
72215	45448	31
72218	45479	1
72218	45480	31
72221	45511	1
72221	45512	31
72224	45543	1
72224	45544	31
72227	45575	1
72227	45576	31
72229	45607	1
72229	45608	31
72231	45639	1
72232	45640	31
72235	45671	1
72235	45672	31
72237	45703	1
72238	45704	31
72240	45735	1
72241	45736	31
72242	45767	1
72243	45768	31
72245	45799	1
72246	45800	31
72249	45831	1
72249	45832	31
72251	45863	1
72251	45864	31
72254	45895	1
72254	45896	31
72256	45927	1
72257	45928	31
72259	45959	1
72259	45960	31
72263	45991	1
72263	45992	31
72265	46023	1
72265	46024	31
72267	46055	1
72268	46056	31
72270	46087	1
72271	46088	31
72273	46119	1
72274	46120	31
72277	46151	1
72277	46152	31
72278	46183	1
72279	46184	31
72282	46215	1
72282	46216	31
72284	46247	1
72284	46248	31
72287	46279	1
72287	46280	31
72291	46311	1
72291	46312	31
72293	46343	1
72293	46344	31
72296	46375	1
72296	46376	31
72298	46407	1
72298	46408	31
72301	46439	1
72301	46440	31
72305	46471	1
72305	46472	31
72306	46503	1
72307	46504	31
72309	46535	1
72309	46536	31
72312	46567	1
72312	46568	31
72315	46599	1
72315	46600	31
72318	46631	1
72318	46632	31
72321	46663	1
72321	46664	31
72324	46695	1
72324	46696	31
72326	46727	1
72326	46728	31
72329	46759	1
72329	46760	31
72332	46791	1
72333	46792	31
72334	46823	1
72334	46824	31
72337	46855	1
72337	46856	31
72340	46887	1
72340	46888	31
72343	46919	1
72343	46920	31
72346	46951	1
72347	46952	31
72349	46983	1
72349	46984	31
72351	47015	1
72352	47016	31
72353	47047	1
72354	47048	31
72356	47079	1
72357	47080	31
72360	47111	1
72360	47112	31
72362	47143	1
72363	47144	31
72365	47175	1
72365	47176	31
72367	47207	1
72368	47208	31
72370	47239	1
72371	47240	31
72374	47271	1
72374	47272	31
72376	47303	1
72377	47304	31
72379	47335	1
72379	47336	31
72381	47367	1
72381	47368	31
72384	47399	1
72384	47400	31
72388	47431	1
72388	47432	31
72390	47463	1
72390	47464	31
72393	47495	1
72393	47496	31
72395	47527	1
72395	47528	31
72398	47559	1
72398	47560	31
72402	47591	1
72402	47592	31
72404	47623	1
72404	47624	31
72407	47655	1
72407	47656	31
72409	47687	1
72409	47688	31
72412	47719	1
72412	47720	31
72415	47751	1
72415	47752	31
72418	47783	1
72418	47784	31
72421	47815	1
72421	47816	31
72423	47847	1
72423	47848	31
72426	47879	1
72426	47880	31
72429	47911	1
72430	47912	31
72431	47943	1
72431	47944	31
72435	47975	1
72435	47976	31
72437	48007	1
72437	48008	31
72440	48039	1
72440	48040	31
72442	48071	1
72443	48072	31
72446	48103	1
72446	48104	31
72449	48135	1
72449	48136	31
72451	48167	1
72451	48168	31
72454	48199	1
72454	48200	31
72457	48231	1
72457	48232	31
72460	48263	1
72460	48264	31
72462	48295	1
72463	48296	31
72465	48327	1
72465	48328	31
72467	48359	1
72468	48360	31
72471	48391	1
72471	48392	31
72473	48423	1
72474	48424	31
72476	48455	1
72476	48456	31
72478	48487	1
72479	48488	31
72482	48519	1
72482	48520	31
72485	48551	1
72485	48552	31
72487	48583	1
72487	48584	31
72490	48615	1
72490	48616	31
72492	48647	1
72493	48648	31
72495	48679	1
72496	48680	31
72499	48711	1
72499	48712	31
72501	48743	1
72501	48744	31
72504	48775	1
72504	48776	31
72506	48807	1
72506	48808	31
72509	48839	1
72510	48840	31
72513	48871	1
72513	48872	31
72515	48903	1
72515	48904	31
72518	48935	1
72518	48936	31
72520	48967	1
72520	48968	31
72523	48999	1
72523	49000	31
72527	49031	1
72527	49032	31
72529	49063	1
72529	49064	31
72532	49095	1
72532	49096	31
72534	49127	1
72534	49128	31
72537	49159	1
72537	49160	31
72540	49191	1
72541	49192	31
72543	49223	1
72544	49224	31
72546	49255	1
72546	49256	31
72548	49287	1
72548	49288	31
72551	49319	1
72551	49320	31
72554	49351	1
72555	49352	31
72557	49383	1
72557	49384	31
72560	49415	1
72560	49416	31
72562	49447	1
72562	49448	31
72565	49479	1
72565	49480	31
72568	49511	1
72569	49512	31
72570	49543	1
72570	49544	31
72573	49575	1
72574	49576	31
72576	49607	1
72576	49608	31
72579	49639	1
72579	49640	31
72582	49671	1
72582	49672	31
72584	49703	1
72585	49704	31
72587	49735	1
72588	49736	31
72589	49767	1
72590	49768	31
72593	49799	1
72593	49800	31
72596	49831	1
72596	49832	31
72598	49863	1
72599	49864	31
72601	49895	1
72601	49896	31
72603	49927	1
72604	49928	31
72607	49959	1
72607	49960	31
72610	49991	1
72610	49992	31
72612	50023	1
72612	50024	31
72615	50055	1
72615	50056	31
72617	50087	1
72618	50088	31
72620	50119	1
72621	50120	31
72624	50151	1
72624	50152	31
72626	50183	1
72626	50184	31
72629	50215	1
72629	50216	31
72631	50247	1
72631	50248	31
72634	50279	1
72635	50280	31
72637	50311	1
72638	50312	31
72640	50343	1
72640	50344	31
72643	50375	1
72643	50376	31
72645	50407	1
72645	50408	31
72649	50439	1
72649	50440	31
72651	50471	1
72652	50472	31
72654	50503	1
72654	50504	31
72657	50535	1
72657	50536	31
72659	50567	1
72659	50568	31
72662	50599	1
72662	50600	31
72665	50631	1
72666	50632	31
72668	50663	1
72668	50664	31
72671	50695	1
72671	50696	31
72673	50727	1
72673	50728	31
72676	50759	1
72676	50760	31
72679	50791	1
72679	50792	31
72682	50823	1
72682	50824	31
72685	50855	1
72685	50856	31
72687	50887	1
72687	50888	31
72689	50919	1
72690	50920	31
72692	50951	1
72692	50952	31
72696	50983	1
72696	50984	31
72698	51015	1
72699	51016	31
72701	51047	1
72701	51048	31
72704	51079	1
72704	51080	31
72707	51111	1
72707	51112	31
72709	51143	1
72710	51144	31
72712	51175	1
72713	51176	31
72714	51207	1
72715	51208	31
72718	51239	1
72718	51240	31
72721	51271	1
72721	51272	31
72723	51303	1
72724	51304	31
72726	51335	1
72727	51336	31
72728	51367	1
72729	51368	31
72732	51399	1
72732	51400	31
72735	51431	1
72735	51432	31
72737	51463	1
72737	51464	31
72740	51495	1
72740	51496	31
72742	51527	1
72742	51528	31
72746	51559	1
72746	51560	31
72749	51591	1
72749	51592	31
72751	51623	1
72751	51624	31
72754	51655	1
72754	51656	31
72756	51687	1
72756	51688	31
72759	51719	1
72759	51720	31
72762	51751	1
72763	51752	31
72765	51783	1
72765	51784	31
72768	51815	1
72768	51816	31
72770	51847	1
72770	51848	31
72773	51879	1
72773	51880	31
72776	51911	1
72777	51912	31
72778	51943	1
72779	51944	31
72781	51975	1
72782	51976	31
72784	52007	1
72784	52008	31
72787	52039	1
72787	52040	31
72790	52071	1
72790	52072	31
72792	52103	1
72792	52104	31
72795	52135	1
72796	52136	31
72798	52167	1
72798	52168	31
72800	52199	1
72801	52200	31
72804	52231	1
72804	52232	31
72807	52263	1
72807	52264	31
72809	52295	1
72810	52296	31
72812	52327	1
72812	52328	31
72815	52359	1
72815	52360	31
72818	52391	1
72818	52392	31
72820	52423	1
72820	52424	31
72823	52455	1
72824	52456	31
72825	52487	1
72826	52488	31
72829	52519	1
72829	52520	31
72832	52551	1
72832	52552	31
72834	52583	1
72834	52584	31
72837	52615	1
72838	52616	31
72839	52647	1
72840	52648	31
72843	52679	1
72843	52680	31
72846	52711	1
72846	52712	31
72848	52743	1
72848	52744	31
72851	52775	1
72851	52776	31
72853	52807	1
72854	52808	31
72857	52839	1
72857	52840	31
72860	52871	1
72860	52872	31
72861	52903	1
72862	52904	31
72865	52935	1
72865	52936	31
72867	52967	1
72867	52968	31
72871	52999	1
72871	53000	31
72874	53031	1
72874	53032	31
72875	53063	1
72875	53064	31
72879	53095	1
72879	53096	31
72881	53127	1
72881	53128	31
72884	53159	1
72885	53160	31
72887	53191	1
72888	53192	31
72889	53223	1
72889	53224	31
72893	53255	1
72893	53256	31
72895	53287	1
72895	53288	31
72898	53319	1
72898	53320	31
72901	53351	1
72902	53352	31
72903	53383	1
72903	53384	31
72907	53415	1
72907	53416	31
72909	53447	1
72909	53448	31
72912	53479	1
72912	53480	31
72915	53511	1
72916	53512	31
72917	53543	1
72917	53544	31
72921	53575	1
72921	53576	31
72923	53607	1
72923	53608	31
72926	53639	1
72926	53640	31
72929	53671	1
72929	53672	31
72931	53703	1
72931	53704	31
72935	53735	1
72935	53736	31
72937	53767	1
72937	53768	31
72940	53799	1
72940	53800	31
72943	53831	1
72943	53832	31
72945	53863	1
72945	53864	31
72948	53895	1
72949	53896	31
72951	53927	1
72951	53928	31
72954	53959	1
72954	53960	31
72957	53991	1
72957	53992	31
72959	54023	1
72959	54024	31
72962	54055	1
72962	54056	31
72964	54087	1
72965	54088	31
72968	54119	1
72968	54120	31
72971	54151	1
72971	54152	31
72973	54183	1
72973	54184	31
72976	54215	1
72976	54216	31
72978	54247	1
72979	54248	31
72981	54279	1
72982	54280	31
72985	54311	1
72985	54312	31
72986	54343	1
72987	54344	31
72989	54375	1
72990	54376	31
72992	54407	1
72993	54408	31
72995	54439	1
72996	54440	31
72999	54471	1
72999	54472	31
73000	54503	1
73000	54504	31
73004	54535	1
73004	54536	31
73006	54567	1
73006	54568	31
73009	54599	1
73010	54600	31
73012	54631	1
73013	54632	31
73014	54663	1
73014	54664	31
73018	54695	1
73018	54696	31
73020	54727	1
73020	54728	31
73023	54759	1
73023	54760	31
73026	54791	1
73027	54792	31
73028	54823	1
73028	54824	31
73032	54855	1
73032	54856	31
73034	54887	1
73034	54888	31
73037	54919	1
73037	54920	31
73040	54951	1
73040	54952	31
73042	54983	1
73042	54984	31
73046	55015	1
73046	55016	31
73048	55047	1
73048	55048	31
73051	55079	1
73051	55080	31
73054	55111	1
73054	55112	31
73056	55143	1
73056	55144	31
73059	55175	1
73060	55176	31
73062	55207	1
73062	55208	31
73065	55239	1
73065	55240	31
73068	55271	1
73068	55272	31
73070	55303	1
73070	55304	31
73073	55335	1
73074	55336	31
73076	55367	1
73076	55368	31
73079	55399	1
73079	55400	31
73082	55431	1
73082	55432	31
73084	55463	1
73084	55464	31
73087	55495	1
73087	55496	31
73090	55527	1
73090	55528	31
73092	55559	1
73093	55560	31
73095	55591	1
73095	55592	31
73097	55623	1
73098	55624	31
73101	55655	1
73101	55656	31
73103	55687	1
73104	55688	31
73106	55719	1
73107	55720	31
73109	55751	1
73110	55752	31
73111	55783	1
73112	55784	31
73115	55815	1
73115	55816	31
73117	55847	1
73118	55848	31
73120	55879	1
73121	55880	31
73123	55911	1
73124	55912	31
73125	55943	1
73125	55944	31
73129	55975	1
73129	55976	31
73131	56007	1
73132	56008	31
73134	56039	1
73134	56040	31
73137	56071	1
73137	56072	31
73139	56103	1
73139	56104	31
73143	56135	1
73143	56136	31
73145	56167	1
73145	56168	31
73148	56199	1
73148	56200	31
73151	56231	1
73151	56232	31
73153	56263	1
73153	56264	31
73156	56295	1
73157	56296	31
73159	56327	1
73159	56328	31
73162	56359	1
73162	56360	31
73165	56391	1
73165	56392	31
73167	56423	1
73167	56424	31
73170	56455	1
73170	56456	31
73173	56487	1
73173	56488	31
73176	56519	1
73176	56520	31
73179	56551	1
73179	56552	31
73181	56583	1
73181	56584	31
73184	56615	1
73184	56616	31
73186	56647	1
73187	56648	31
73189	56679	1
73189	56680	31
73192	56711	1
73192	56712	31
73195	56743	1
73195	56744	31
73197	56775	1
73198	56776	31
73200	56807	1
73200	56808	31
73203	56839	1
73203	56840	31
73206	56871	1
73206	56872	31
73209	56903	1
73209	56904	31
73211	56935	1
73211	56936	31
73214	56967	1
73214	56968	31
73217	56999	1
73217	57000	31
73220	57031	1
73220	57032	31
73222	57063	1
73223	57064	31
73225	57095	1
73225	57096	31
73228	57127	1
73228	57128	31
73231	57159	1
73231	57160	31
73234	57191	1
73234	57192	31
73236	57223	1
73236	57224	31
73239	57255	1
73239	57256	31
73242	57287	1
73242	57288	31
73245	57319	1
73245	57320	31
73248	57351	1
73248	57352	31
73250	57383	1
73250	57384	31
73254	57415	1
73254	57416	31
73256	57447	1
73257	57448	31
73259	57479	1
73259	57480	31
73262	57511	1
73262	57512	31
73264	57543	1
73264	57544	31
73268	57575	1
73268	57576	31
73270	57607	1
73271	57608	31
73273	57639	1
73273	57640	31
73276	57671	1
73276	57672	31
73278	57703	1
73278	57704	31
73282	57735	1
73282	57736	31
73284	57767	1
73284	57768	31
73286	57799	1
73286	57800	31
73290	57831	1
73290	57832	31
73292	57863	1
73292	57864	31
73295	57895	1
73296	57896	31
73298	57927	1
73298	57928	31
73299	57959	1
73300	57960	9
73557	57969	1
73557	57970	31
73560	58001	1
73560	58002	31
73562	58033	1
73563	58034	31
73566	58065	1
73566	58066	31
73569	58097	1
73569	58098	31
73570	58129	1
73571	58130	31
73574	58161	1
73574	58162	31
73576	58193	1
73576	58194	31
73580	58225	1
73580	58226	31
73583	58257	1
73583	58258	31
73584	58289	1
73584	58290	31
73589	58321	1
73589	58322	25
73742	58347	1
73742	58348	31
73744	58379	1
73744	58380	31
73747	58411	1
73748	58412	31
73750	58443	1
73750	58444	31
73752	58475	1
73752	58476	31
73756	58507	1
73756	58508	31
73758	58539	1
73758	58540	31
73761	58571	1
73761	58572	31
73763	58603	1
73764	58604	31
73767	58635	1
73767	58636	31
73770	58667	1
73770	58668	31
73772	58699	1
73772	58700	31
73775	58731	1
73775	58732	31
73777	58763	1
73778	58764	31
73781	58795	1
73781	58796	31
73784	58827	1
73784	58828	31
73786	58859	1
73786	58860	31
73788	58891	1
73789	58892	31
73791	58923	1
73792	58924	16
73938	58940	1
73938	58941	31
73941	58972	1
73941	58973	31
73944	59004	1
73944	59005	31
73947	59036	1
73947	59037	20
74216	59057	1
74217	59058	31
74220	59089	1
74220	59090	31
74222	59121	1
74222	59122	31
74226	59153	1
74226	59154	21
74851	59175	1
74852	59176	31
74854	59207	1
74854	59208	31
74857	59239	1
74857	59240	31
74860	59271	1
74860	59272	31
74862	59303	1
74863	59304	31
74865	59335	1
74865	59336	31
74868	59367	1
74868	59368	31
74871	59399	1
74871	59400	31
74874	59431	1
74874	59432	31
74876	59463	1
74877	59464	19
75775	59483	1
75775	59484	31
75778	59515	1
75778	59516	31
75779	59547	1
75780	59548	31
75782	59579	1
75782	59580	31
75785	59611	1
75786	59612	31
75788	59643	1
75789	59644	31
75791	59675	1
75792	59676	31
75794	59707	1
75794	59708	31
75797	59739	1
75797	59740	31
75799	59771	1
75799	59772	31
75802	59803	1
75803	59804	31
75805	59835	1
75806	59836	31
75807	59867	1
75807	59868	31
75811	59899	1
75811	59900	31
75813	59931	1
75813	59932	31
75816	59963	1
75816	59964	31
75819	59995	1
75820	59996	31
75821	60027	1
75821	60028	31
75825	60059	1
75825	60060	31
75827	60091	1
75827	60092	31
75830	60123	1
75830	60124	31
75833	60155	1
75833	60156	31
75835	60187	1
75835	60188	31
75839	60219	1
75839	60220	31
75841	60251	1
75841	60252	31
75844	60283	1
75844	60284	31
75847	60315	1
75847	60316	31
75849	60347	1
75849	60348	31
75852	60379	1
75853	60380	31
75855	60411	1
75855	60412	31
75858	60443	1
75858	60444	31
75861	60475	1
75861	60476	31
75863	60507	1
75863	60508	31
75866	60539	1
75866	60540	31
75869	60571	1
75869	60572	31
75872	60603	1
75872	60604	31
75875	60635	1
75875	60636	31
75877	60667	1
75877	60668	31
75880	60699	1
75880	60700	31
75883	60731	1
75883	60732	24
76213	60756	1
76214	60757	31
76216	60788	1
76217	60789	31
76219	60820	1
76219	60821	31
76222	60852	1
76223	60853	31
76224	60884	1
76225	60885	31
76226	60916	1
76226	60917	7
76639	60924	1
76640	60925	31
76642	60956	1
76642	60957	31
76646	60988	1
76646	60989	31
76648	61020	1
76648	61021	21
76826	61042	1
76826	61043	31
76828	61074	1
76828	61075	31
76830	61106	1
76831	61107	31
76834	61138	1
76834	61139	31
76836	61170	1
76837	61171	31
76839	61202	1
76840	61203	31
76841	61234	1
76842	61235	31
76845	61266	1
76845	61267	31
76848	61298	1
76848	61299	31
76851	61330	1
76851	61331	19
77299	61350	1
77299	61351	31
77301	61382	1
77302	61383	31
77304	61414	1
77305	61415	31
77307	61446	1
77307	61447	31
77308	61478	1
77308	61479	4
77755	61483	1
77755	61484	31
77757	61515	1
77757	61516	11
77759	61527	1
77759	61528	31
77763	61559	1
77763	61560	31
77765	61591	1
77766	61592	31
77768	61623	1
77768	61624	31
77771	61655	1
77771	61656	31
77773	61687	1
77773	61688	31
77777	61719	1
77777	61720	31
77779	61751	1
77779	61752	31
77781	61783	1
77782	61784	31
77785	61815	1
77785	61816	31
77787	61847	1
77787	61848	31
77790	61879	1
77791	61880	31
77793	61911	1
77793	61912	31
77796	61943	1
77796	61944	31
77798	61975	1
77798	61976	31
77801	62007	1
77801	62008	31
77804	62039	1
77804	62040	31
77807	62071	1
77807	62072	31
77810	62103	1
77810	62104	16
78852	62120	1
78853	62121	31
78856	62152	1
78856	62153	31
78858	62184	1
78858	62185	31
78861	62216	1
78861	62217	31
78863	62248	1
78863	62249	31
78866	62280	1
78867	62281	31
78869	62312	1
78869	62313	31
78871	62344	1
78871	62345	31
78875	62376	1
78875	62377	31
78877	62408	1
78877	62409	19
79054	62428	1
79054	62429	31
79057	62460	1
79057	62461	31
79059	62492	1
79059	62493	31
79063	62524	1
79063	62525	21
79774	62546	1
79774	62547	31
79777	62578	1
79777	62579	31
79780	62610	1
79780	62611	31
79782	62642	1
79783	62643	31
79785	62674	1
79785	62675	31
79788	62706	1
79788	62707	31
79791	62738	1
79791	62739	31
79794	62770	1
79794	62771	31
79796	62802	1
79797	62803	31
79800	62834	1
79800	62835	31
79802	62866	1
79803	62867	31
79805	62898	1
79805	62899	31
79808	62930	1
79808	62931	31
79810	62962	1
79810	62963	31
79814	62994	1
79814	62995	31
79816	63026	1
79816	63027	31
79819	63058	1
79819	63059	31
79822	63090	1
79822	63091	31
79825	63122	1
79825	63123	16
80755	63139	1
80755	63140	31
80757	63171	1
80757	63172	31
80760	63203	1
80760	63204	31
80763	63235	1
80763	63236	31
80766	63267	1
80767	63268	31
80768	63299	1
80769	63300	31
80771	63331	1
80771	63332	31
80774	63363	1
80774	63364	31
80777	63395	1
80777	63396	31
80780	63427	1
80781	63428	31
80782	63459	1
80782	63460	31
80785	63491	1
80785	63492	31
80788	63523	1
80788	63524	31
80790	63555	1
80791	63556	31
80794	63587	1
80795	63588	31
80796	63619	1
80796	63620	31
80799	63651	1
80799	63652	31
80802	63683	1
80802	63684	31
80805	63715	1
80805	63716	31
80808	63747	1
80809	63748	31
80810	63779	1
80810	63780	31
80813	63811	1
80813	63812	31
80815	63843	1
80815	63844	4
80817	63848	1
80818	63849	31
80821	63880	1
80821	63881	31
80823	63912	1
80823	63913	31
80825	63944	1
80825	63945	9
80829	63954	1
80829	63955	31
80831	63986	1
80831	63987	31
80833	64018	1
80834	64019	31
80837	64050	1
80837	64051	31
80839	64082	1
80840	64083	31
80843	64114	1
80843	64115	31
80845	64146	1
80845	64147	31
80848	64178	1
80848	64179	31
80851	64210	1
80851	64211	31
80853	64242	1
80853	64243	31
80857	64274	1
80857	64275	31
80859	64306	1
80859	64307	31
80862	64338	1
80862	64339	31
80864	64370	1
80865	64371	31
80867	64402	1
80867	64403	31
80871	64434	1
80871	64435	31
80873	64466	1
80873	64467	31
80875	64498	1
80876	64499	31
80878	64530	1
80879	64531	31
80881	64562	1
80881	64563	31
80885	64594	1
80885	64595	31
80887	64626	1
80887	64627	31
80889	64658	1
80889	64659	31
80891	64690	1
80892	64691	9
80927	64700	1
80928	64701	31
80929	64732	1
80930	64733	7
81187	64740	1
81187	64741	31
81190	64772	1
81190	64773	31
81193	64804	1
81193	64805	31
81196	64836	1
81196	64837	31
81199	64868	1
81199	64869	31
81201	64900	1
81202	64901	31
81204	64932	1
81204	64933	14
81460	64947	1
81461	64948	31
81462	64979	1
81463	64980	31
81466	65011	1
81466	65012	31
81468	65043	1
81469	65044	21
81689	65065	1
81689	65066	31
81692	65097	1
81692	65098	31
81695	65129	1
81696	65130	31
81698	65161	1
81698	65162	31
81700	65193	1
81700	65194	31
81704	65225	1
81704	65226	31
81706	65257	1
81706	65258	31
81709	65289	1
81709	65290	31
81712	65321	1
81712	65322	28
81860	65350	1
81860	65351	31
81864	65382	1
81864	65383	31
81866	65414	1
81866	65415	31
81869	65446	1
81869	65447	31
81871	65478	1
81872	65479	31
81874	65510	1
81874	65511	31
81878	65542	1
81878	65543	31
81880	65574	1
81880	65575	31
81883	65606	1
81883	65607	31
81885	65638	1
81886	65639	19
82782	65658	1
82783	65659	31
82785	65690	1
82785	65691	31
82788	65722	1
82788	65723	31
82790	65754	1
82791	65755	31
82794	65786	1
82794	65787	31
82796	65818	1
82796	65819	31
82800	65850	1
82800	65851	31
82802	65882	1
82802	65883	31
82804	65914	1
82805	65915	31
82808	65946	1
82809	65947	19
83705	65966	1
83706	65967	31
83707	65998	1
83707	65999	31
83711	66030	1
83711	66031	31
83713	66062	1
83713	66063	31
83716	66094	1
83716	66095	31
83719	66126	1
83720	66127	31
83721	66158	1
83722	66159	31
83724	66190	1
83724	66191	31
83728	66222	1
83728	66223	28
83769	66251	1
83769	66252	31
83772	66283	1
83772	66284	31
83775	66315	1
83775	66316	31
83777	66347	1
83778	66348	31
83780	66379	1
83780	66380	31
83783	66411	1
83783	66412	31
83786	66443	1
83786	66444	31
83789	66475	1
83789	66476	31
83791	66507	1
83792	66508	31
83795	66539	1
83795	66540	19
83866	66559	1
83867	66560	31
83869	66591	1
83869	66592	31
83872	66623	1
83873	66624	31
83875	66655	1
83876	66656	21
84842	66677	1
84842	66678	31
84845	66709	1
84845	66710	31
84847	66741	1
84848	66742	31
84850	66773	1
84850	66774	31
84853	66805	1
84853	66806	31
84856	66837	1
84856	66838	31
84859	66869	1
84859	66870	31
84861	66901	1
84861	66902	31
84864	66933	1
84864	66934	31
84867	66965	1
84867	66966	19
85764	66985	1
85764	66986	31
85767	67017	1
85767	67018	31
85770	67049	1
85770	67050	31
85772	67081	1
85773	67082	31
85775	67113	1
85776	67114	31
85778	67145	1
85778	67146	31
85781	67177	1
85781	67178	31
85783	67209	1
85784	67210	31
85786	67241	1
85787	67242	31
85789	67273	1
85789	67274	31
85792	67305	1
85792	67306	31
85794	67337	1
85795	67338	31
85797	67369	1
85798	67370	31
85800	67401	1
85800	67402	31
85803	67433	1
85803	67434	31
85806	67465	1
85806	67466	31
85808	67497	1
85809	67498	31
85811	67529	1
85812	67530	31
85814	67561	1
85814	67562	16
86273	67578	1
86273	67579	31
86276	67610	1
86276	67611	31
86279	67642	1
86279	67643	31
86281	67674	1
86282	67675	21
86858	67696	1
86858	67697	31
86860	67728	1
86860	67729	31
86863	67760	1
86863	67761	31
86867	67792	1
86867	67793	31
86869	67824	1
86869	67825	31
86872	67856	1
86872	67857	31
86875	67888	1
86875	67889	31
86877	67920	1
86878	67921	31
86880	67952	1
86881	67953	31
86883	67984	1
86883	67985	19
87780	68004	1
87780	68005	31
87783	68036	1
87784	68037	31
87785	68068	1
87785	68069	31
87788	68100	1
87788	68101	31
87791	68132	1
87791	68133	31
87794	68164	1
87794	68165	31
87796	68196	1
87796	68197	31
87800	68228	1
87800	68229	31
87803	68260	1
87803	68261	31
87804	68292	1
87805	68293	31
87807	68324	1
87807	68325	31
87811	68356	1
87811	68357	31
87813	68388	1
87814	68389	31
87816	68420	1
87817	68421	31
87820	68452	1
87821	68453	63
87824	68516	1
87824	68517	31
87827	68548	1
87827	68549	31
87830	68580	1
87831	68581	16
88680	68597	1
88680	68598	31
88683	68629	1
88683	68630	31
88685	68661	1
88685	68662	31
88688	68693	1
88688	68694	21
88771	68715	1
88771	68716	31
88773	68747	1
88774	68748	31
88776	68779	1
88777	68780	31
88779	68811	1
88779	68812	31
88782	68843	1
88782	68844	31
88785	68875	1
88785	68876	31
88787	68907	1
88788	68908	31
88791	68939	1
88791	68940	31
88793	68971	1
88793	68972	31
88796	69003	1
88796	69004	19
89693	69023	1
89694	69024	31
89696	69055	1
89696	69056	31
89698	69087	1
89699	69088	31
89701	69119	1
89702	69120	31
89705	69151	1
89705	69152	31
89708	69183	1
89708	69184	31
89710	69215	1
89710	69216	31
89713	69247	1
89713	69248	31
89716	69279	1
89717	69280	28
89864	69308	1
89864	69309	31
89867	69340	1
89867	69341	31
89870	69372	1
89870	69373	31
89872	69404	1
89873	69405	31
89875	69436	1
89875	69437	31
89878	69468	1
89878	69469	31
89881	69500	1
89881	69501	31
89884	69532	1
89884	69533	31
89886	69564	1
89886	69565	31
89889	69596	1
89890	69597	19
90786	69616	1
90787	69617	31
90789	69648	1
90789	69649	31
90792	69680	1
90792	69681	31
90795	69712	1
90795	69713	31
90797	69744	1
90797	69745	31
90800	69776	1
90800	69777	31
90803	69808	1
90803	69809	31
90806	69840	1
90806	69841	31
90808	69872	1
90809	69873	31
90812	69904	1
90812	69905	19
91086	69924	1
91086	69925	31
91088	69956	1
91089	69957	31
91091	69988	1
91091	69989	31
91094	70020	1
91095	70021	21
91710	70042	1
91710	70043	31
91712	70074	1
91713	70075	31
91716	70106	1
91716	70107	31
91718	70138	1
91718	70139	31
91721	70170	1
91721	70171	31
91724	70202	1
91724	70203	31
91726	70234	1
91727	70235	31
91729	70266	1
91729	70267	31
91733	70298	1
91733	70299	28
91772	70327	1
91772	70328	31
91775	70359	1
91775	70360	31
91778	70391	1
91778	70392	31
91780	70423	1
91780	70424	31
91783	70455	1
91783	70456	31
91786	70487	1
91786	70488	31
91788	70519	1
91789	70520	31
91791	70551	1
91792	70552	31
91794	70583	1
91794	70584	31
91797	70615	1
91797	70616	19
92844	70635	1
92845	70636	31
92848	70667	1
92848	70668	31
92850	70699	1
92850	70700	31
92853	70731	1
92853	70732	31
92856	70763	1
92856	70764	31
92859	70795	1
92859	70796	31
92862	70827	1
92862	70828	31
92864	70859	1
92864	70860	31
92866	70891	1
92867	70892	31
92869	70923	1
92870	70924	19
93492	70943	1
93492	70944	31
93495	70975	1
93495	70976	31
93498	71007	1
93498	71008	31
93501	71039	1
93501	71040	21
93766	71061	1
93767	71062	31
93770	71093	1
93770	71094	31
93772	71125	1
93772	71126	31
93775	71157	1
93775	71158	31
93777	71189	1
93778	71190	31
93780	71221	1
93780	71222	31
93783	71253	1
93783	71254	31
93786	71285	1
93786	71286	31
93789	71317	1
93789	71318	31
93792	71349	1
93793	71350	31
93794	71381	1
93794	71382	31
93798	71413	1
93798	71414	31
93800	71445	1
93800	71446	31
93803	71477	1
93803	71478	31
93806	71509	1
93806	71510	31
93808	71541	1
93808	71542	31
93812	71573	1
93812	71574	31
93814	71605	1
93814	71606	31
93817	71637	1
93817	71638	16
94860	71654	1
94860	71655	31
94863	71686	1
94863	71687	31
94865	71718	1
94865	71719	31
94869	71750	1
94869	71751	31
94870	71782	1
94871	71783	31
94874	71814	1
94874	71815	31
94877	71846	1
94877	71847	31
94879	71878	1
94879	71879	31
94882	71910	1
94883	71911	31
94885	71942	1
94885	71943	19
95781	71962	1
95782	71963	31
95784	71994	1
95784	71995	31
95787	72026	1
95788	72027	31
95790	72058	1
95790	72059	31
95794	72090	1
95794	72091	31
95795	72122	1
95795	72123	31
95799	72154	1
95799	72155	31
95801	72186	1
95801	72187	31
95804	72218	1
95804	72219	31
95806	72250	1
95807	72251	31
95810	72282	1
95810	72283	31
95813	72314	1
95813	72315	31
95815	72346	1
95815	72347	31
95818	72378	1
95818	72379	31
95821	72410	1
95822	72411	31
95823	72442	1
95823	72443	31
95827	72474	1
95827	72475	31
95829	72506	1
95829	72507	31
95832	72538	1
95832	72539	16
95899	72555	1
95899	72556	31
95902	72587	1
95903	72588	31
95905	72619	1
95906	72620	31
95908	72651	1
95908	72652	21
96774	72673	1
96774	72674	31
96777	72705	1
96777	72706	31
96779	72737	1
96779	72738	31
96782	72769	1
96782	72770	31
96786	72801	1
96786	72802	31
96788	72833	1
96788	72834	31
96790	72865	1
96791	72866	31
96794	72897	1
96795	72898	31
96796	72929	1
96796	72930	31
96800	72961	1
96800	72962	19
97697	72981	1
97698	72982	31
97699	73013	1
97699	73014	31
97703	73045	1
97703	73046	31
97705	73077	1
97705	73078	31
97707	73109	1
97708	73110	31
97711	73141	1
97711	73142	31
97713	73173	1
97713	73174	31
97717	73205	1
97717	73206	31
97719	73237	1
97719	73238	31
97721	73269	1
97722	73270	31
97725	73301	1
97725	73302	31
97727	73333	1
97727	73334	31
97730	73365	1
97730	73366	6
97774	73372	1
97775	73373	31
97777	73404	1
97778	73405	31
97781	73436	1
97781	73437	31
97782	73468	1
97782	73469	31
97786	73500	1
97786	73501	31
97788	73532	1
97788	73533	31
97791	73564	1
97791	73565	31
97794	73596	1
97795	73597	31
97796	73628	1
97796	73629	31
97800	73660	1
97800	73661	19
98306	73680	1
98306	73681	31
98309	73712	1
98309	73713	31
98310	73744	1
98311	73745	31
98314	73776	1
98315	73777	21
98846	73798	1
98847	73799	31
98850	73830	1
98850	73831	31
98852	73862	1
98852	73863	31
98855	73894	1
98856	73895	31
98858	73926	1
98858	73927	31
98861	73958	1
98861	73959	31
98864	73990	1
98864	73991	31
98866	74022	1
98866	74023	31
98869	74054	1
98870	74055	31
98872	74086	1
98872	74087	19
99768	74106	1
99769	74107	31
99772	74138	1
99773	74139	31
99775	74170	1
99775	74171	31
99777	74202	1
99777	74203	31
99780	74234	1
99780	74235	31
99782	74266	1
99782	74267	31
99785	74298	1
99785	74299	31
99789	74330	1
99789	74331	31
99790	74362	1
99791	74363	31
99794	74394	1
99794	74395	31
99796	74426	1
99796	74427	31
99799	74458	1
99800	74459	31
99803	74490	1
99803	74491	31
99804	74522	1
99805	74523	31
99808	74554	1
99808	74555	31
99810	74586	1
99810	74587	31
99814	74618	1
99814	74619	31
99817	74650	1
99817	74651	31
99818	74682	1
99818	74683	31
99822	74714	1
99822	74715	31
99824	74746	1
99824	74747	31
99828	74778	1
99829	74779	26
100712	74805	1
100713	74806	31
100714	74837	1
100714	74838	31
100718	74869	1
100718	74870	31
100720	74901	1
100720	74902	21
100872	74923	1
100873	74924	31
100874	74955	1
100874	74956	31
100878	74987	1
100878	74988	31
100880	75019	1
100880	75020	31
100884	75051	1
100884	75052	31
100885	75083	1
100886	75084	31
100889	75115	1
100889	75116	31
100892	75147	1
100892	75148	31
100894	75179	1
100894	75180	31
100897	75211	1
100898	75212	19
101694	75231	1
101694	75232	31
101697	75263	1
101697	75264	31
101699	75295	1
101700	75296	31
101703	75327	1
101703	75328	31
101706	75359	1
101706	75360	31
101707	75391	1
101708	75392	31
101711	75423	1
101711	75424	31
101713	75455	1
101714	75456	31
101716	75487	1
101717	75488	31
101719	75519	1
101720	75520	31
101721	75551	1
101722	75552	31
101725	75583	1
101725	75584	31
101727	75615	1
101727	75616	6
101765	75622	1
101766	75623	31
101769	75654	1
101769	75655	31
101771	75686	1
101771	75687	31
101774	75718	1
101775	75719	31
101777	75750	1
101777	75751	25
101785	75776	1
101785	75777	31
101788	75808	1
101788	75809	31
101791	75840	1
101792	75841	31
101794	75872	1
101795	75873	31
101797	75904	1
101797	75905	25
102847	75930	1
102847	75931	31
102851	75962	1
102851	75963	31
102853	75994	1
102853	75995	31
102856	76026	1
102856	76027	31
102858	76058	1
102859	76059	31
102861	76090	1
102861	76091	31
102865	76122	1
102865	76123	31
102867	76154	1
102867	76155	31
102870	76186	1
102870	76187	31
102873	76218	1
102874	76219	19
103118	76238	1
103118	76239	31
103122	76270	1
103122	76271	31
103124	76302	1
103124	76303	31
103127	76334	1
103127	76335	21
103770	76356	1
103770	76357	31
103772	76388	1
103772	76389	31
103776	76420	1
103776	76421	31
103778	76452	1
103778	76453	31
103781	76484	1
103781	76485	31
103783	76516	1
103784	76517	31
103786	76548	1
103786	76549	31
103789	76580	1
103789	76581	31
103791	76612	1
103792	76613	31
103795	76644	1
103795	76645	31
103797	76676	1
103798	76677	31
103800	76708	1
103800	76709	31
103804	76740	1
103804	76741	31
103805	76772	1
103805	76773	31
103809	76804	1
103809	76805	31
103812	76836	1
103812	76837	31
103814	76868	1
103814	76869	31
103817	76900	1
103817	76901	31
103819	76932	1
103819	76933	31
103823	76964	1
103823	76965	31
103825	76996	1
103826	76997	31
103828	77028	1
103829	77029	26
104767	77055	1
104767	77056	31
104770	77087	1
104770	77088	31
104772	77119	1
104772	77120	31
104776	77151	1
104776	77152	31
104778	77183	1
104779	77184	25
104786	77209	1
104786	77210	31
104789	77241	1
104790	77242	31
104792	77273	1
104792	77274	31
104794	77305	1
104795	77306	31
104798	77337	1
104798	77338	25
105524	77363	1
105524	77364	31
105527	77395	1
105527	77396	31
105530	77427	1
105530	77428	31
105533	77459	1
105534	77460	21
105698	77481	1
105698	77482	31
105701	77513	1
105702	77514	31
105703	77545	1
105704	77546	31
105706	77577	1
105707	77578	31
105709	77609	1
105709	77610	31
105712	77641	1
105712	77642	31
105715	77673	1
105715	77674	31
105717	77705	1
105717	77706	31
105720	77737	1
105720	77738	31
105723	77769	1
105723	77770	31
105726	77801	1
105727	77802	31
105729	77833	1
105729	77834	31
105730	77865	1
105730	77866	6
105767	77872	1
105767	77873	31
105770	77904	1
105771	77905	31
105772	77936	1
105773	77937	31
105775	77968	1
105775	77969	31
105779	78000	1
105779	78001	25
105787	78026	1
105787	78027	31
105790	78058	1
105790	78059	31
105792	78090	1
105792	78091	31
105795	78122	1
105795	78123	31
105798	78154	1
105799	78155	25
106848	78180	1
106849	78181	31
106852	78212	1
106852	78213	31
106854	78244	1
106854	78245	31
106857	78276	1
106858	78277	31
106860	78308	1
106861	78309	31
106862	78340	1
106863	78341	31
106865	78372	1
106865	78373	31
106868	78404	1
106868	78405	31
106870	78436	1
106871	78437	31
106874	78468	1
106874	78469	19
107771	78488	1
107772	78489	31
107773	78520	1
107773	78521	31
107776	78552	1
107776	78553	31
107779	78584	1
107779	78585	31
107782	78616	1
107782	78617	31
107785	78648	1
107786	78649	31
107787	78680	1
107787	78681	31
107791	78712	1
107791	78713	31
107793	78744	1
107793	78745	31
107796	78776	1
107796	78777	31
107799	78808	1
107800	78809	31
107801	78840	1
107801	78841	31
107804	78872	1
107805	78873	31
107807	78904	1
107807	78905	31
107809	78936	1
107810	78937	31
107813	78968	1
107813	78969	31
107815	79000	1
107815	79001	31
107818	79032	1
107818	79033	31
107821	79064	1
107821	79065	31
107823	79096	1
107824	79097	31
107827	79128	1
107827	79129	31
107830	79160	1
107831	79161	26
107931	79187	1
107932	79188	31
107934	79219	1
107935	79220	31
107937	79251	1
107938	79252	31
107940	79283	1
107940	79284	21
108768	79305	1
108769	79306	31
108771	79337	1
108772	79338	31
108773	79369	1
108773	79370	31
108777	79401	1
108777	79402	31
108780	79433	1
108780	79434	25
108788	79459	1
108788	79460	31
108791	79491	1
108791	79492	31
108793	79523	1
108793	79524	31
108796	79555	1
108796	79556	31
108800	79587	1
108800	79588	25
109699	79613	1
109699	79614	31
109703	79645	1
109703	79646	31
109705	79677	1
109705	79678	31
109707	79709	1
109708	79710	31
109710	79741	1
109710	79742	31
109713	79773	1
109713	79774	31
109717	79805	1
109717	79806	31
109718	79837	1
109719	79838	31
109721	79869	1
109721	79870	31
109724	79901	1
109724	79902	31
109727	79933	1
109727	79934	31
109730	79965	1
109731	79966	31
109731	79997	1
109732	79998	6
109768	80004	1
109769	80005	31
109772	80036	1
109772	80037	31
109774	80068	1
109774	80069	31
109777	80100	1
109777	80101	31
109780	80132	1
109780	80133	25
109788	80158	1
109788	80159	31
109791	80190	1
109791	80191	31
109793	80222	1
109793	80223	31
109796	80254	1
109797	80255	31
109800	80286	1
109800	80287	25
110338	80312	1
110338	80313	31
110341	80344	1
110341	80345	31
110343	80376	1
110343	80377	31
110346	80408	1
110347	80409	21
110850	80430	1
110850	80431	31
110853	80462	1
110854	80463	31
110856	80494	1
110856	80495	31
110859	80526	1
110859	80527	31
110862	80558	1
110862	80559	31
110864	80590	1
110864	80591	31
110867	80622	1
110868	80623	31
110870	80654	1
110870	80655	31
110872	80686	1
110872	80687	31
110876	80718	1
110876	80719	19
111773	80738	1
111773	80739	31
111775	80770	1
111775	80771	31
111778	80802	1
111778	80803	31
111780	80834	1
111781	80835	31
111783	80866	1
111783	80867	31
111787	80898	1
111787	80899	31
111789	80930	1
111790	80931	31
111792	80962	1
111792	80963	31
111794	80994	1
111795	80995	31
111798	81026	1
111798	81027	31
111800	81058	1
111800	81059	31
111803	81090	1
111804	81091	31
111806	81122	1
111806	81123	31
111808	81154	1
111808	81155	31
111811	81186	1
111811	81187	31
111815	81218	1
111815	81219	31
111816	81250	1
111817	81251	31
111820	81282	1
111820	81283	31
111822	81314	1
111822	81315	31
111826	81346	1
111826	81347	31
111829	81378	1
111829	81379	31
111832	81410	1
111832	81411	26
112744	81437	1
112744	81438	31
112747	81469	1
112747	81470	31
112749	81501	1
112749	81502	31
112753	81533	1
112753	81534	21
112769	81555	1
112769	81556	31
112772	81587	1
112772	81588	31
112775	81619	1
112775	81620	31
112777	81651	1
112778	81652	31
112781	81683	1
112782	81684	25
112789	81709	1
112789	81710	31
112791	81741	1
112791	81742	31
112794	81773	1
112794	81774	31
112797	81805	1
112797	81806	31
112801	81837	1
112802	81838	25
113702	81863	1
113702	81864	31
113705	81895	1
113705	81896	31
113706	81927	1
113707	81928	31
113709	81959	1
113709	81960	31
113712	81991	1
113712	81992	31
113715	82023	1
113715	82024	31
113718	82055	1
113718	82056	31
113720	82087	1
113721	82088	31
113723	82119	1
113723	82120	31
113726	82151	1
113727	82152	31
113729	82183	1
113729	82184	31
113732	82215	1
113732	82216	31
113733	82247	1
113734	82248	6
113770	82254	1
113770	82255	31
113773	82286	1
113773	82287	31
113775	82318	1
113775	82319	31
113779	82350	1
113779	82351	31
113781	82382	1
113782	82383	25
113789	82408	1
113789	82409	31
113793	82440	1
113793	82441	31
113795	82472	1
113795	82473	31
113798	82504	1
113798	82505	31
113802	82536	1
113802	82537	25
114851	82562	1
114851	82563	31
114854	82594	1
114854	82595	31
114857	82626	1
114857	82627	31
114859	82658	1
114859	82659	31
114862	82690	1
114862	82691	31
114865	82722	1
114865	82723	31
114868	82754	1
114868	82755	31
114871	82786	1
114871	82787	31
114873	82818	1
114873	82819	31
114876	82850	1
114876	82851	19
115151	82870	1
115151	82871	31
115153	82902	1
115153	82903	31
115156	82934	1
115156	82935	31
115159	82966	1
115159	82967	21
115773	82988	1
115773	82989	31
115776	83020	1
115776	83021	31
115778	83052	1
115779	83053	31
115781	83084	1
115781	83085	31
115784	83116	1
115784	83117	31
115787	83148	1
115787	83149	31
115790	83180	1
115790	83181	31
115792	83212	1
115793	83213	31
115795	83244	1
115795	83245	31
115798	83276	1
115798	83277	31
115801	83308	1
115801	83309	31
115803	83340	1
115804	83341	31
115806	83372	1
115806	83373	31
115809	83404	1
115809	83405	31
115812	83436	1
115812	83437	31
115815	83468	1
115815	83469	31
115817	83500	1
115818	83501	31
115820	83532	1
115820	83533	31
115823	83564	1
115824	83565	31
115826	83596	1
115826	83597	31
115829	83628	1
115829	83629	31
115832	83660	1
115833	83661	26
116771	83687	1
116771	83688	31
116774	83719	1
116774	83720	31
116776	83751	1
116776	83752	31
116779	83783	1
116779	83784	31
116783	83815	1
116783	83816	25
116790	83841	1
116790	83842	31
116792	83873	1
116793	83874	31
116796	83905	1
116797	83906	31
116798	83937	1
116798	83938	31
116803	83969	1
116803	83970	25
117557	83995	1
117557	83996	31
117560	84027	1
117561	84028	31
117562	84059	1
117562	84060	31
117566	84091	1
117566	84092	21
117702	84113	1
117702	84114	31
117705	84145	1
117706	84146	31
117707	84177	1
117707	84178	31
117711	84209	1
117711	84210	31
117713	84241	1
117714	84242	31
117716	84273	1
117716	84274	31
117719	84305	1
117719	84306	31
117721	84337	1
117721	84338	31
117725	84369	1
117725	84370	31
117727	84401	1
117727	84402	31
117729	84433	1
117730	84434	31
117733	84465	1
117733	84466	31
117734	84497	1
117734	84498	6
117771	84504	1
117771	84505	31
117774	84536	1
117774	84537	31
117776	84568	1
117777	84569	31
117779	84600	1
117779	84601	31
117783	84632	1
117783	84633	25
117790	84658	1
117790	84659	31
117794	84690	1
117794	84691	31
117797	84722	1
117797	84723	31
117799	84754	1
117799	84755	31
117803	84786	1
117803	84787	25
118852	84812	1
118853	84813	31
118856	84844	1
118856	84845	31
118858	84876	1
118858	84877	31
118860	84908	1
118860	84909	31
118863	84940	1
118863	84941	31
118866	84972	1
118867	84973	31
118869	85004	1
118870	85005	31
118871	85036	1
118872	85037	31
118874	85068	1
118874	85069	31
118877	85100	1
118878	85101	19
119774	85120	1
119774	85121	31
119777	85152	1
119777	85153	31
119780	85184	1
119781	85185	31
119782	85216	1
119783	85217	31
119785	85248	1
119786	85249	31
119788	85280	1
119788	85281	31
119791	85312	1
119791	85313	31
119794	85344	1
119794	85345	31
119797	85376	1
119798	85377	31
119800	85408	1
119800	85409	31
119802	85440	1
119802	85441	31
119805	85472	1
119805	85473	31
119808	85504	1
119808	85505	31
119811	85536	1
119811	85537	31
119814	85568	1
119814	85569	31
119816	85600	1
119817	85601	31
119819	85632	1
119819	85633	31
119821	85664	1
119822	85665	31
119825	85696	1
119825	85697	31
119827	85728	1
119827	85729	31
119830	85760	1
119830	85761	31
119833	85792	1
119834	85793	26
119964	85819	1
119965	85820	31
119966	85851	1
119966	85852	31
119969	85883	1
119969	85884	31
119972	85915	1
119972	85916	21
120772	85937	1
120772	85938	31
120776	85969	1
120776	85970	31
120778	86001	1
120778	86002	31
120781	86033	1
120781	86034	31
120784	86065	1
120784	86066	25
120791	86091	1
120791	86092	31
120794	86123	1
120795	86124	31
120797	86155	1
120797	86156	31
120799	86187	1
120799	86188	31
120803	86219	1
120803	86220	25
121703	86245	1
121703	86246	31
121706	86277	1
121706	86278	31
121708	86309	1
121709	86310	31
121712	86341	1
121712	86342	31
121715	86373	1
121715	86374	31
121716	86405	1
121717	86406	31
121720	86437	1
121720	86438	31
121722	86469	1
121722	86470	31
121726	86501	1
121726	86502	31
121729	86533	1
121729	86534	31
121730	86565	1
121730	86566	31
121734	86597	1
121734	86598	31
121736	86629	1
121736	86630	6
121772	86636	1
121773	86637	31
121776	86668	1
121776	86669	31
121778	86700	1
121778	86701	31
121781	86732	1
121782	86733	31
121785	86764	1
121785	86765	25
121792	86790	1
121792	86791	31
121795	86822	1
121795	86823	31
121798	86854	1
121798	86855	31
121799	86886	1
121800	86887	31
121804	86918	1
121804	86919	25
122370	86944	1
122370	86945	31
122373	86976	1
122373	86977	31
122375	87008	1
122376	87009	31
122379	87040	1
122379	87041	21
122854	87062	1
122854	87063	31
122856	87094	1
122856	87095	31
122859	87126	1
122860	87127	31
122862	87158	1
122862	87159	31
122865	87190	1
122865	87191	31
122868	87222	1
122868	87223	31
122870	87254	1
122870	87255	31
122873	87286	1
122874	87287	31
122875	87318	1
122876	87319	31
122879	87350	1
122879	87351	19
123776	87370	1
123776	87371	31
123778	87402	1
123779	87403	31
123781	87434	1
123781	87435	31
123784	87466	1
123784	87467	31
123786	87498	1
123787	87499	31
123789	87530	1
123789	87531	31
123792	87562	1
123793	87563	31
123795	87594	1
123795	87595	31
123798	87626	1
123799	87627	31
123801	87658	1
123801	87659	31
123804	87690	1
123804	87691	31
123806	87722	1
123807	87723	31
123809	87754	1
123809	87755	31
123812	87786	1
123813	87787	31
123814	87818	1
123814	87819	31
123818	87850	1
123818	87851	31
123820	87882	1
123820	87883	31
123823	87914	1
123823	87915	31
123826	87946	1
123827	87947	31
123828	87978	1
123828	87979	31
123832	88010	1
123832	88011	31
123834	88042	1
123835	88043	26
124773	88069	1
124774	88070	31
124777	88101	1
124777	88102	31
124779	88133	1
124779	88134	31
124782	88165	1
124782	88166	31
124785	88197	1
124785	88198	31
124788	88229	1
124788	88230	31
124791	88261	1
124791	88262	31
124793	88293	1
124793	88294	31
124796	88325	1
124797	88326	31
124799	88357	1
124800	88358	31
124802	88389	1
124802	88390	31
124805	88421	1
124805	88422	31
124807	88453	1
124807	88454	31
124809	88485	1
124809	88486	9
125704	88495	1
125704	88496	31
125708	88527	1
125708	88528	31
125710	88559	1
125710	88560	31
125713	88591	1
125713	88592	31
125716	88623	1
125716	88624	31
125718	88655	1
125718	88656	31
125722	88687	1
125722	88688	31
125723	88719	1
125724	88720	31
125727	88751	1
125727	88752	31
125730	88783	1
125730	88784	31
125732	88815	1
125732	88816	31
125735	88847	1
125736	88848	31
125737	88879	1
125738	88880	6
125774	88886	1
125774	88887	31
125777	88918	1
125777	88919	31
125780	88950	1
125780	88951	31
125782	88982	1
125782	88983	31
125786	89014	1
125787	89015	25
125793	89040	1
125794	89041	31
125796	89072	1
125796	89073	31
125799	89104	1
125799	89105	31
125802	89136	1
125802	89137	31
125805	89168	1
125806	89169	25
126856	89194	1
126856	89195	31
126857	89226	1
126858	89227	31
126861	89258	1
126861	89259	31
126863	89290	1
126863	89291	31
126866	89322	1
126867	89323	31
126870	89354	1
126870	89355	31
126871	89386	1
126871	89387	31
126875	89418	1
126875	89419	31
126877	89450	1
126877	89451	31
126881	89482	1
126881	89483	19
127183	89502	1
127183	89503	31
127185	89534	1
127186	89535	31
127189	89566	1
127189	89567	31
127191	89598	1
127192	89599	21
127777	89620	1
127777	89621	31
127780	89652	1
127781	89653	31
127782	89684	1
127783	89685	31
127786	89716	1
127786	89717	31
127788	89748	1
127788	89749	31
127791	89780	1
127791	89781	31
127793	89812	1
127794	89813	31
127796	89844	1
127796	89845	31
127799	89876	1
127799	89877	31
127802	89908	1
127802	89909	31
127804	89940	1
127805	89941	31
127808	89972	1
127808	89973	31
127810	90004	1
127810	90005	31
127814	90036	1
127814	90037	31
127816	90068	1
127816	90069	31
127819	90100	1
127819	90101	31
127822	90132	1
127822	90133	31
127825	90164	1
127825	90165	31
127827	90196	1
127828	90197	31
127829	90228	1
127830	90229	31
127832	90260	1
127832	90261	31
127836	90292	1
127836	90293	26
128775	90319	1
128775	90320	31
128778	90351	1
128778	90352	31
128781	90383	1
128781	90384	31
128783	90415	1
128783	90416	31
128787	90447	1
128788	90448	25
128794	90473	1
128794	90474	31
128797	90505	1
128797	90506	31
128800	90537	1
128800	90538	31
128802	90569	1
128802	90570	31
128805	90601	1
128805	90602	25
129590	90627	1
129590	90628	31
129592	90659	1
129593	90660	31
129595	90691	1
129596	90692	31
129598	90723	1
129599	90724	21
129705	90745	1
129705	90746	31
129709	90777	1
129709	90778	31
129711	90809	1
129712	90810	31
129713	90841	1
129714	90842	31
129716	90873	1
129716	90874	31
129719	90905	1
129719	90906	31
129722	90937	1
129722	90938	31
129725	90969	1
129725	90970	31
129727	91001	1
129728	91002	31
129731	91033	1
129731	91034	31
129733	91065	1
129733	91066	31
129736	91097	1
129736	91098	31
129738	91129	1
129738	91130	6
129775	91136	1
129776	91137	31
129778	91168	1
129778	91169	31
129781	91200	1
129781	91201	31
129784	91232	1
129784	91233	31
129788	91264	1
129788	91265	25
129794	91290	1
129794	91291	31
129797	91322	1
129797	91323	31
129799	91354	1
129800	91355	31
129802	91386	1
129803	91387	31
129806	91418	1
129806	91419	25
130857	91444	1
130857	91445	31
130859	91476	1
130859	91477	31
130862	91508	1
130862	91509	31
130865	91540	1
130865	91541	31
130867	91572	1
130867	91573	31
130871	91604	1
130871	91605	31
130872	91636	1
130873	91637	31
130876	91668	1
130876	91669	31
130879	91700	1
130879	91701	31
130881	91732	1
130881	91733	19
131778	91752	1
131778	91753	31
131782	91784	1
131782	91785	31
131783	91816	1
131784	91817	31
131787	91848	1
131787	91849	31
131789	91880	1
131789	91881	31
131792	91912	1
131793	91913	31
131796	91944	1
131796	91945	31
131798	91976	1
131798	91977	31
131800	92008	1
131800	92009	31
131803	92040	1
131803	92041	31
131806	92072	1
131806	92073	31
131809	92104	1
131810	92105	31
131812	92136	1
131812	92137	31
131815	92168	1
131815	92169	31
131817	92200	1
131817	92201	31
131820	92232	1
131820	92233	31
131823	92264	1
131824	92265	31
131825	92296	1
131825	92297	31
131829	92328	1
131829	92329	31
131831	92360	1
131831	92361	31
131834	92392	1
131834	92393	31
131838	92424	1
131838	92425	26
131997	92451	1
131997	92452	31
131999	92483	1
131999	92484	31
132002	92515	1
132002	92516	31
132005	92547	1
132005	92548	21
132776	92569	1
132777	92570	31
132780	92601	1
132780	92602	31
132782	92633	1
132783	92634	31
132785	92665	1
132785	92666	31
132789	92697	1
132790	92698	25
132796	92723	1
132796	92724	31
132798	92755	1
132798	92756	31
132801	92787	1
132801	92788	31
132803	92819	1
132803	92820	31
132807	92851	1
132807	92852	25
133707	92877	1
133707	92878	31
133710	92909	1
133710	92910	31
133713	92941	1
133713	92942	31
133715	92973	1
133715	92974	31
133718	93005	1
133719	93006	31
133720	93037	1
133721	93038	31
133724	93069	1
133724	93070	31
133727	93101	1
133727	93102	31
133729	93133	1
133729	93134	31
133732	93165	1
133733	93166	31
133734	93197	1
133735	93198	31
133738	93229	1
133738	93230	31
133739	93261	1
133740	93262	6
133777	93268	1
133777	93269	31
133780	93300	1
133781	93301	31
133783	93332	1
133783	93333	31
133785	93364	1
133785	93365	31
133790	93396	1
133790	93397	25
133796	93422	1
133796	93423	31
133798	93454	1
133798	93455	31
133801	93486	1
133802	93487	31
133804	93518	1
133804	93519	31
133807	93550	1
133807	93551	25
134403	93576	1
134403	93577	31
134405	93608	1
134405	93609	31
134408	93640	1
134408	93641	31
134411	93672	1
134411	93673	21
134858	93694	1
134858	93695	31
134860	93726	1
134860	93727	31
134863	93758	1
134864	93759	31
134866	93790	1
134867	93791	31
134868	93822	1
134868	93823	31
134872	93854	1
134872	93855	31
134874	93886	1
134874	93887	31
134877	93918	1
134878	93919	31
134880	93950	1
134881	93951	31
134883	93982	1
134883	93983	19
135779	94002	1
135779	94003	31
135783	94034	1
135783	94035	31
135785	94066	1
135785	94067	31
135788	94098	1
135789	94099	31
135791	94130	1
135792	94131	31
135794	94162	1
135794	94163	31
135797	94194	1
135797	94195	31
135799	94226	1
135800	94227	31
135802	94258	1
135802	94259	31
135804	94290	1
135805	94291	31
135808	94322	1
135808	94323	31
135811	94354	1
135811	94355	31
135813	94386	1
135813	94387	31
135816	94418	1
135816	94419	31
135818	94450	1
135819	94451	31
135822	94482	1
135822	94483	31
135825	94514	1
135825	94515	31
135826	94546	1
135827	94547	31
135830	94578	1
135830	94579	31
135832	94610	1
135833	94611	31
135835	94642	1
135835	94643	31
135839	94674	1
135840	94675	26
136778	94701	1
136778	94702	31
136781	94733	1
136781	94734	31
136783	94765	1
136784	94766	31
136786	94797	1
136786	94798	31
136790	94829	1
136790	94830	25
136797	94855	1
136797	94856	31
136799	94887	1
136799	94888	31
136802	94919	1
136802	94920	31
136805	94951	1
136805	94952	31
136808	94983	1
136808	94984	31
136810	95015	1
136810	95016	31
136813	95047	1
136813	95048	31
136816	95079	1
136816	95080	31
136819	95111	1
136819	95112	15
137708	95127	1
137709	95128	31
137711	95159	1
137711	95160	31
137714	95191	1
137715	95192	31
137716	95223	1
137716	95224	31
137719	95255	1
137719	95256	31
137722	95287	1
137722	95288	31
137725	95319	1
137726	95320	31
137728	95351	1
137729	95352	31
137730	95383	1
137730	95384	31
137733	95415	1
137733	95416	31
137736	95447	1
137736	95448	31
137739	95479	1
137740	95480	31
137740	95511	1
137741	95512	6
137778	95518	1
137778	95519	31
137781	95550	1
137782	95551	31
137784	95582	1
137784	95583	31
137786	95614	1
137787	95615	31
137790	95646	1
137790	95647	25
137797	95672	1
137797	95673	31
137799	95704	1
137799	95705	31
137802	95736	1
137802	95737	31
137806	95768	1
137806	95769	31
137808	95800	1
137809	95801	25
138858	95826	1
138858	95827	31
138861	95858	1
138861	95859	31
138864	95890	1
138864	95891	31
138866	95922	1
138867	95923	31
138869	95954	1
138870	95955	31
138872	95986	1
138872	95987	31
138875	96018	1
138875	96019	31
138878	96050	1
138878	96051	31
138880	96082	1
138881	96083	31
138883	96114	1
138884	96115	19
139215	96134	1
139216	96135	31
139218	96166	1
139218	96167	31
139221	96198	1
139221	96199	31
139224	96230	1
139225	96231	21
139781	96252	1
139781	96253	31
139784	96284	1
139784	96285	31
139786	96316	1
139787	96317	31
139789	96348	1
139789	96349	31
139792	96380	1
139792	96381	31
139795	96412	1
139795	96413	31
139799	96444	1
139799	96445	31
139800	96476	1
139800	96477	31
139804	96508	1
139804	96509	31
139806	96540	1
139806	96541	31
139809	96572	1
139809	96573	31
139812	96604	1
139812	96605	31
139814	96636	1
139814	96637	31
139817	96668	1
139818	96669	31
139820	96700	1
139821	96701	31
139822	96732	1
139823	96733	31
139825	96764	1
139825	96765	31
139828	96796	1
139828	96797	31
139831	96828	1
139831	96829	31
139834	96860	1
139834	96861	31
139836	96892	1
139837	96893	31
139841	96924	1
139842	96925	26
140779	96951	1
140780	96952	31
140782	96983	1
140782	96984	31
140786	97015	1
140786	97016	31
140787	97047	1
140788	97048	31
140792	97079	1
140792	97080	25
140798	97105	1
140798	97106	31
140800	97137	1
140800	97138	31
140803	97169	1
140803	97170	31
140807	97201	1
140807	97202	31
140809	97233	1
140810	97234	25
141622	97259	1
141622	97260	31
141625	97291	1
141625	97292	31
141627	97323	1
141628	97324	31
141631	97355	1
141631	97356	21
141709	97377	1
141710	97378	31
141712	97409	1
141712	97410	31
141715	97441	1
141715	97442	31
141717	97473	1
141718	97474	31
141720	97505	1
141720	97506	31
141723	97537	1
141724	97538	31
141726	97569	1
141726	97570	31
141728	97601	1
141729	97602	31
141731	97633	1
141731	97634	31
141734	97665	1
141734	97666	31
141737	97697	1
141737	97698	31
141740	97729	1
141740	97730	31
141741	97761	1
141741	97762	6
141780	97768	1
141780	97769	31
141782	97800	1
141783	97801	31
141785	97832	1
141785	97833	31
141788	97864	1
141789	97865	31
141791	97896	1
141792	97897	25
141797	97922	1
141798	97923	31
141800	97954	1
141800	97955	31
141803	97986	1
141803	97987	31
141806	98018	1
141806	98019	31
141809	98050	1
141809	98051	25
142859	98076	1
142860	98077	31
142862	98108	1
142863	98109	31
142866	98140	1
142866	98141	31
142868	98172	1
142868	98173	31
142871	98204	1
142871	98205	31
142873	98236	1
142874	98237	31
142876	98268	1
142876	98269	31
142879	98300	1
142880	98301	31
142882	98332	1
142882	98333	31
142885	98364	1
142885	98365	19
143782	98384	1
143782	98385	31
143784	98416	1
143784	98417	31
143787	98448	1
143787	98449	31
143790	98480	1
143791	98481	31
143794	98512	1
143794	98513	31
143796	98544	1
143796	98545	31
143798	98576	1
143799	98577	31
143801	98608	1
143801	98609	31
143804	98640	1
143804	98641	31
143807	98672	1
143808	98673	31
143810	98704	1
143810	98705	31
143812	98736	1
143812	98737	31
143815	98768	1
143815	98769	31
143818	98800	1
143819	98801	31
143821	98832	1
143821	98833	31
143823	98864	1
143824	98865	31
143826	98896	1
143826	98897	31
143829	98928	1
143829	98929	31
143832	98960	1
143832	98961	31
143834	98992	1
143835	98993	31
143837	99024	1
143837	99025	31
143841	99056	1
143841	99057	26
144028	99083	1
144028	99084	31
144031	99115	1
144031	99116	31
144034	99147	1
144034	99148	31
144037	99179	1
144037	99180	21
144781	99201	1
144781	99202	31
144783	99233	1
144784	99234	31
144787	99265	1
144787	99266	31
144789	99297	1
144789	99298	31
144792	99329	1
144793	99330	25
144798	99355	1
144799	99356	31
144802	99387	1
144802	99388	31
144805	99419	1
144805	99420	31
144808	99451	1
144808	99452	31
144811	99483	1
144811	99484	25
145711	99509	1
145711	99510	31
145713	99541	1
145713	99542	31
145717	99573	1
145717	99574	31
145719	99605	1
145719	99606	31
145722	99637	1
145722	99638	31
145725	99669	1
145725	99670	31
145727	99701	1
145727	99702	31
145730	99733	1
145731	99734	31
145732	99765	1
145733	99766	31
145736	99797	1
145736	99798	31
145738	99829	1
145738	99830	31
145741	99861	1
145741	99862	31
145743	99893	1
145744	99894	6
145781	99900	1
145781	99901	31
145784	99932	1
145784	99933	31
145787	99964	1
145788	99965	31
145789	99996	1
145790	99997	31
145794	100028	1
145794	100029	25
145799	100054	1
145799	100055	31
145802	100086	1
145802	100087	31
145805	100118	1
145805	100119	31
145808	100150	1
145808	100151	31
145811	100182	1
145811	100183	25
146435	100208	1
146435	100209	31
146437	100240	1
146438	100241	31
146441	100272	1
146441	100273	31
146444	100304	1
146444	100305	21
146861	100326	1
146862	100327	31
146865	100358	1
146865	100359	31
146866	100390	1
146866	100391	31
146870	100422	1
146870	100423	31
146872	100454	1
146872	100455	31
146875	100486	1
146876	100487	31
146878	100518	1
146879	100519	31
146880	100550	1
146880	100551	31
146883	100582	1
146883	100583	31
146886	100614	1
146886	100615	19
147783	100634	1
147783	100635	31
147786	100666	1
147786	100667	31
147788	100698	1
147788	100699	31
147792	100730	1
147792	100731	31
147795	100762	1
147795	100763	31
147797	100794	1
147797	100795	31
147800	100826	1
147800	100827	31
147803	100858	1
147803	100859	31
147806	100890	1
147806	100891	31
147809	100922	1
147809	100923	31
147811	100954	1
147811	100955	31
147814	100986	1
147814	100987	31
147817	101018	1
147817	101019	31
147820	101050	1
147820	101051	31
147823	101082	1
147823	101083	31
147824	101114	1
147825	101115	31
147828	101146	1
147828	101147	31
147831	101178	1
147831	101179	31
147833	101210	1
147834	101211	31
147836	101242	1
147837	101243	31
147838	101274	1
147838	101275	31
147843	101306	1
147843	101307	26
148783	101333	1
148783	101334	31
148785	101365	1
148785	101366	31
148788	101397	1
148788	101398	31
148790	101429	1
148791	101430	31
148794	101461	1
148795	101462	25
148800	101487	1
148800	101488	31
148803	101519	1
148804	101520	31
148805	101551	1
148805	101552	31
148809	101583	1
148809	101584	31
148811	101615	1
148812	101616	25
148841	101641	1
148841	101642	31
148845	101673	1
148845	101674	31
148847	101705	1
148847	101706	31
148851	101737	1
148851	101738	21
149712	101759	1
149712	101760	31
149714	101791	1
149714	101792	31
149718	101823	1
149718	101824	31
149720	101855	1
149720	101856	31
149723	101887	1
149723	101888	31
149726	101919	1
149726	101920	31
149728	101951	1
149728	101952	31
149732	101983	1
149732	101984	31
149734	102015	1
149735	102016	31
149736	102047	1
149736	102048	31
149740	102079	1
149740	102080	31
149742	102111	1
149742	102112	31
149744	102143	1
149744	102144	6
149783	102150	1
149784	102151	31
149785	102182	1
149785	102183	31
149789	102214	1
149789	102215	31
149791	102246	1
149791	102247	31
149795	102278	1
149795	102279	25
149800	102304	1
149801	102305	31
149804	102336	1
149804	102337	31
149805	102368	1
149806	102369	31
149809	102400	1
149809	102401	31
149812	102432	1
149812	102433	25
150862	102458	1
150863	102459	31
150865	102490	1
150866	102491	31
150867	102522	1
150868	102523	31
150871	102554	1
150871	102555	31
150874	102586	1
150874	102587	31
150876	102618	1
150877	102619	31
150879	102650	1
150880	102651	31
150881	102682	1
150881	102683	31
150885	102714	1
150885	102715	31
150888	102746	1
150888	102747	19
151249	102766	1
151249	102767	31
151251	102798	1
151251	102799	31
151255	102830	1
151255	102831	31
151257	102862	1
151257	102863	21
151793	102884	1
151793	102885	31
151796	102916	1
151796	102917	31
151798	102948	1
151798	102949	31
151801	102980	1
151801	102981	31
151804	103012	1
151804	103013	31
151806	103044	1
151807	103045	31
151809	103076	1
151810	103077	31
151812	103108	1
151812	103109	31
151816	103140	1
151816	103141	31
151818	103172	1
151819	103173	31
151820	103204	1
151820	103205	31
151824	103236	1
151824	103237	31
151826	103268	1
151826	103269	31
151829	103300	1
151830	103301	31
151832	103332	1
151833	103333	31
151835	103364	1
151835	103365	31
151838	103396	1
151838	103397	31
151840	103428	1
151840	103429	31
151843	103460	1
151843	103461	31
151846	103492	1
151847	103493	31
151848	103524	1
151848	103525	31
151852	103556	1
151852	103557	26
152784	103583	1
152785	103584	31
152786	103615	1
152786	103616	31
152789	103647	1
152789	103648	31
152792	103679	1
152792	103680	31
152795	103711	1
152795	103712	25
152801	103737	1
152801	103738	31
152804	103769	1
152804	103770	31
152806	103801	1
152807	103802	31
152809	103833	1
152809	103834	31
152813	103865	1
152813	103866	25
153655	103891	1
153655	103892	31
153657	103923	1
153657	103924	31
153660	103955	1
153660	103956	31
153664	103987	1
153664	103988	21
153713	104009	1
153713	104010	31
153716	104041	1
153716	104042	31
153719	104073	1
153719	104074	31
153722	104105	1
153723	104106	31
153724	104137	1
153724	104138	31
153727	104169	1
153727	104170	31
153730	104201	1
153730	104202	31
153733	104233	1
153733	104234	31
153736	104265	1
153737	104266	31
153738	104297	1
153738	104298	31
153741	104329	1
153741	104330	31
153743	104361	1
153744	104362	31
153745	104393	1
153745	104394	6
153784	104400	1
153784	104401	31
153787	104432	1
153787	104433	31
153790	104464	1
153790	104465	31
153792	104496	1
153793	104497	31
153796	104528	1
153796	104529	25
153802	104554	1
153802	104555	31
153805	104586	1
153805	104587	31
153807	104618	1
153807	104619	31
153809	104650	1
153809	104651	31
153813	104682	1
153813	104683	25
154863	104708	1
154863	104709	31
154866	104740	1
154866	104741	31
154869	104772	1
154869	104773	31
154871	104804	1
154872	104805	31
154874	104836	1
154874	104837	31
154877	104868	1
154877	104869	31
154880	104900	1
154880	104901	31
154882	104932	1
154883	104933	31
154886	104964	1
154886	104965	31
154888	104996	1
154889	104997	19
155785	105016	1
155785	105017	31
155789	105048	1
155789	105049	31
155791	105080	1
155791	105081	31
155794	105112	1
155794	105113	31
155796	105144	1
155797	105145	31
155799	105176	1
155800	105177	31
155802	105208	1
155803	105209	31
155805	105240	1
155805	105241	31
155807	105272	1
155808	105273	31
155810	105304	1
155810	105305	31
155813	105336	1
155813	105337	31
155816	105368	1
155816	105369	31
155819	105400	1
155820	105401	31
155822	105432	1
155822	105433	31
155824	105464	1
155824	105465	31
155827	105496	1
155828	105497	31
155830	105528	1
155831	105529	31
155832	105560	1
155833	105561	31
155835	105592	1
155835	105593	31
155838	105624	1
155838	105625	31
155841	105656	1
155842	105657	31
155844	105688	1
155845	105689	26
156061	105715	1
156061	105716	31
156064	105747	1
156064	105748	31
156067	105779	1
156068	105780	31
156070	105811	1
156071	105812	21
156775	105833	1
156775	105834	31
156778	105865	1
156779	105866	31
156780	105897	1
156780	105898	31
156783	105929	1
156783	105930	31
156787	105961	1
156787	105962	25
156803	105987	1
156803	105988	31
156805	106019	1
156805	106020	31
156808	106051	1
156808	106052	31
156811	106083	1
156811	106084	31
156814	106115	1
156814	106116	25
157715	106141	1
157715	106142	31
157717	106173	1
157717	106174	31
157719	106205	1
157720	106206	31
157723	106237	1
157723	106238	31
157725	106269	1
157725	106270	31
157728	106301	1
157728	106302	31
157731	106333	1
157731	106334	31
157734	106365	1
157734	106366	31
157736	106397	1
157737	106398	31
157739	106429	1
157739	106430	31
157742	106461	1
157742	106462	31
157745	106493	1
157745	106494	31
157746	106525	1
157746	106526	6
157775	106532	1
157775	106533	31
157779	106564	1
157779	106565	31
157781	106596	1
157781	106597	31
157784	106628	1
157784	106629	31
157787	106660	1
157787	106661	25
157803	106686	1
157803	106687	31
157806	106718	1
157806	106719	31
157808	106750	1
157808	106751	31
157811	106782	1
157812	106783	31
157814	106814	1
157815	106815	25
158468	106840	1
158468	106841	31
158471	106872	1
158472	106873	31
158474	106904	1
158474	106905	31
158477	106936	1
158477	106937	21
158864	106958	1
158864	106959	31
158868	106990	1
158868	106991	31
158870	107022	1
158871	107023	31
158873	107054	1
158873	107055	31
158876	107086	1
158877	107087	31
158878	107118	1
158878	107119	31
158881	107150	1
158881	107151	31
158884	107182	1
158885	107183	31
158887	107214	1
158887	107215	31
158890	107246	1
158891	107247	19
159786	107266	1
159787	107267	31
159789	107298	1
159789	107299	31
159792	107330	1
159792	107331	31
159795	107362	1
159795	107363	31
159797	107394	1
159797	107395	31
159800	107426	1
159800	107427	31
159803	107458	1
159803	107459	31
159806	107490	1
159806	107491	31
159808	107522	1
159809	107523	31
159811	107554	1
159811	107555	31
159814	107586	1
159814	107587	31
159817	107618	1
159817	107619	31
159820	107650	1
159820	107651	31
159823	107682	1
159823	107683	31
159825	107714	1
159825	107715	31
159828	107746	1
159828	107747	31
159831	107778	1
159831	107779	31
159833	107810	1
159834	107811	31
159836	107842	1
159837	107843	31
159839	107874	1
159839	107875	31
159842	107906	1
159842	107907	31
159845	107938	1
159846	107939	26
160776	107965	1
160776	107966	31
160779	107997	1
160779	107998	31
160782	108029	1
160782	108030	31
160785	108061	1
160785	108062	31
160788	108093	1
160788	108094	25
160803	108119	1
160803	108120	31
160806	108151	1
160806	108152	31
160809	108183	1
160809	108184	31
160811	108215	1
160812	108216	31
160815	108247	1
160815	108248	25
160874	108273	1
160875	108274	31
160877	108305	1
160877	108306	31
160880	108337	1
160880	108338	31
160883	108369	1
160883	108370	21
161716	108391	1
161716	108392	31
161718	108423	1
161719	108424	31
161721	108455	1
161721	108456	31
161724	108487	1
161724	108488	31
161727	108519	1
161727	108520	31
161730	108551	1
161730	108552	31
161732	108583	1
161733	108584	31
161735	108615	1
161735	108616	31
161738	108647	1
161738	108648	31
161741	108679	1
161741	108680	31
161743	108711	1
161744	108712	31
161746	108743	1
161747	108744	31
161748	108775	1
161748	108776	6
161777	108782	1
161777	108783	31
161779	108814	1
161780	108815	31
161782	108846	1
161782	108847	31
161785	108878	1
161785	108879	31
161788	108910	1
161789	108911	25
161804	108936	1
161804	108937	31
161806	108968	1
161807	108969	31
161809	109000	1
161809	109001	31
161812	109032	1
161812	109033	31
161815	109064	1
161815	109065	25
162865	109090	1
162866	109091	31
162868	109122	1
162868	109123	31
162871	109154	1
162871	109155	31
162874	109186	1
162874	109187	31
162876	109218	1
162877	109219	31
162879	109250	1
162879	109251	31
162882	109282	1
162882	109283	31
162885	109314	1
162885	109315	31
162888	109346	1
162888	109347	31
162890	109378	1
162891	109379	19
163281	109398	1
163282	109399	31
163284	109430	1
163285	109431	31
163287	109462	1
163287	109463	31
163289	109494	1
163290	109495	21
163788	109516	1
163788	109517	31
163790	109548	1
163791	109549	31
163793	109580	1
163793	109581	31
163796	109612	1
163797	109613	31
163799	109644	1
163799	109645	31
163802	109676	1
163803	109677	31
163804	109708	1
163804	109709	31
163807	109740	1
163807	109741	31
163810	109772	1
163810	109773	31
163813	109804	1
163813	109805	31
163816	109836	1
163816	109837	31
163819	109868	1
163819	109869	31
163821	109900	1
163821	109901	31
163824	109932	1
163824	109933	31
163827	109964	1
163828	109965	31
163830	109996	1
163830	109997	31
163833	110028	1
163833	110029	31
163835	110060	1
163836	110061	31
163838	110092	1
163838	110093	31
163841	110124	1
163842	110125	31
163844	110156	1
163844	110157	31
163847	110188	1
163847	110189	26
164778	110215	1
164778	110216	31
164780	110247	1
164781	110248	31
164783	110279	1
164784	110280	31
164786	110311	1
164786	110312	31
164789	110343	1
164790	110344	25
164804	110369	1
164805	110370	31
164807	110401	1
164807	110402	31
164810	110433	1
164810	110434	31
164813	110465	1
164813	110466	31
164816	110497	1
164816	110498	25
165687	110523	1
165687	110524	31
165690	110555	1
165690	110556	31
165693	110587	1
165693	110588	31
165696	110619	1
165696	110620	21
165716	110641	1
165716	110642	31
165719	110673	1
165719	110674	31
165722	110705	1
165722	110706	31
165725	110737	1
165725	110738	31
165727	110769	1
165727	110770	31
165730	110801	1
165730	110802	31
165733	110833	1
165733	110834	31
165736	110865	1
165736	110866	31
165739	110897	1
165739	110898	31
165741	110929	1
165742	110930	31
165744	110961	1
165744	110962	31
165748	110993	1
165748	110994	31
165749	111025	1
165749	111026	6
165778	111032	1
165778	111033	31
165782	111064	1
165782	111065	31
165784	111096	1
165784	111097	31
165786	111128	1
165787	111129	31
165790	111160	1
165791	111161	25
165805	111186	1
165805	111187	31
165807	111218	1
165808	111219	31
165811	111250	1
165811	111251	31
165814	111282	1
165814	111283	31
165818	111314	1
165818	111315	25
166867	111340	1
166867	111341	31
166870	111372	1
166871	111373	31
166873	111404	1
166873	111405	31
166876	111436	1
166876	111437	31
166879	111468	1
166879	111469	31
166881	111500	1
166881	111501	31
166884	111532	1
166884	111533	31
166887	111564	1
166888	111565	31
166889	111596	1
166889	111597	31
166893	111628	1
166893	111629	19
167790	111648	1
167790	111649	31
167792	111680	1
167792	111681	31
167795	111712	1
167795	111713	31
167798	111744	1
167798	111745	31
167801	111776	1
167801	111777	31
167803	111808	1
167804	111809	31
167806	111840	1
167806	111841	31
167809	111872	1
167809	111873	31
167812	111904	1
167812	111905	31
167815	111936	1
167815	111937	31
167818	111968	1
167818	111969	31
167820	112000	1
167820	112001	31
167822	112032	1
167822	112033	31
167825	112064	1
167826	112065	31
167829	112096	1
167829	112097	31
167831	112128	1
167832	112129	31
167834	112160	1
167834	112161	31
167837	112192	1
167837	112193	31
167839	112224	1
167840	112225	31
167842	112256	1
167842	112257	31
167845	112288	1
167846	112289	31
167849	112320	1
167849	112321	26
168095	112347	1
168095	112348	31
168097	112379	1
168097	112380	31
168100	112411	1
168100	112412	31
168104	112443	1
168104	112444	21
168779	112465	1
168779	112466	31
168783	112497	1
168783	112498	31
168785	112529	1
168786	112530	31
168787	112561	1
168788	112562	31
168791	112593	1
168792	112594	25
168806	112619	1
168806	112620	31
168808	112651	1
168809	112652	31
168813	112683	1
168813	112684	31
168814	112715	1
168814	112716	31
168818	112747	1
168819	112748	25
169717	112773	1
169717	112774	31
169721	112805	1
169721	112806	31
169723	112837	1
169723	112838	31
169726	112869	1
169726	112870	31
169728	112901	1
169728	112902	31
169731	112933	1
169732	112934	31
169735	112965	1
169735	112966	31
169737	112997	1
169737	112998	31
169739	113029	1
169740	113030	31
169742	113061	1
169742	113062	31
169745	113093	1
169745	113094	31
169749	113125	1
169749	113126	31
169750	113157	1
169750	113158	6
169779	113164	1
169780	113165	31
169782	113196	1
169782	113197	31
169785	113228	1
169785	113229	31
169788	113260	1
169788	113261	31
169791	113292	1
169791	113293	25
169806	113318	1
169806	113319	31
169809	113350	1
169809	113351	31
169811	113382	1
169811	113383	31
169814	113414	1
169814	113415	31
169818	113446	1
169819	113447	25
170500	113472	1
170501	113473	31
170503	113504	1
170503	113505	31
170506	113536	1
170506	113537	31
170509	113568	1
170509	113569	21
170869	113590	1
170869	113591	31
170871	113622	1
170871	113623	31
170874	113654	1
170874	113655	31
170876	113686	1
170876	113687	31
170879	113718	1
170879	113719	31
170882	113750	1
170882	113751	31
170884	113782	1
170885	113783	31
170888	113814	1
170888	113815	31
170890	113846	1
170890	113847	31
170893	113878	1
170893	113879	19
171791	113898	1
171791	113899	31
171793	113930	1
171793	113931	31
171796	113962	1
171796	113963	31
171798	113994	1
171798	113995	31
171801	114026	1
171801	114027	31
171805	114058	1
171805	114059	31
171807	114090	1
171808	114091	31
171810	114122	1
171810	114123	31
171812	114154	1
171812	114155	31
171815	114186	1
171815	114187	31
171819	114218	1
171819	114219	31
171821	114250	1
171821	114251	31
171823	114282	1
171823	114283	31
171826	114314	1
171826	114315	31
171829	114346	1
171829	114347	31
171832	114378	1
171833	114379	31
171835	114410	1
171835	114411	31
171837	114442	1
171837	114443	31
171840	114474	1
171840	114475	31
171843	114506	1
171843	114507	31
171846	114538	1
171847	114539	31
171849	114570	1
171849	114571	26
172781	114597	1
172781	114598	31
172783	114629	1
172783	114630	31
172786	114661	1
172786	114662	31
172789	114693	1
172789	114694	31
172793	114725	1
172793	114726	25
172807	114751	1
172807	114752	31
172810	114783	1
172810	114784	31
172812	114815	1
172812	114816	31
172815	114847	1
172815	114848	31
172819	114879	1
172819	114880	25
172907	114905	1
172907	114906	31
172909	114937	1
172910	114938	31
172913	114969	1
172913	114970	31
172915	115001	1
172916	115002	21
173719	115023	1
173719	115024	31
173721	115055	1
173721	115056	31
173724	115087	1
173724	115088	31
173727	115119	1
173728	115120	31
173730	115151	1
173731	115152	31
173733	115183	1
173733	115184	31
173736	115215	1
173736	115216	31
173738	115247	1
173738	115248	31
173741	115279	1
173742	115280	31
173744	115311	1
173744	115312	31
173747	115343	1
173747	115344	31
173750	115375	1
173750	115376	31
173752	115407	1
173752	115408	6
173781	115414	1
173781	115415	31
173784	115446	1
173784	115447	31
173786	115478	1
173787	115479	31
173789	115510	1
173790	115511	31
173793	115542	1
173794	115543	25
173807	115568	1
173808	115569	31
173810	115600	1
173810	115601	31
173813	115632	1
173813	115633	31
173816	115664	1
173816	115665	31
173820	115696	1
173820	115697	25
174870	115722	1
174870	115723	31
174872	115754	1
174872	115755	31
174875	115786	1
174876	115787	31
174877	115818	1
174878	115819	31
174881	115850	1
174881	115851	31
174884	115882	1
174884	115883	31
174886	115914	1
174886	115915	31
174889	115946	1
174889	115947	31
174891	115978	1
174891	115979	31
174895	116010	1
174895	116011	19
175313	116030	1
175313	116031	31
175316	116062	1
175316	116063	31
175319	116094	1
175319	116095	31
175322	116126	1
175322	116127	21
175791	116148	1
175791	116149	31
175794	116180	1
175794	116181	31
175797	116212	1
175797	116213	31
175800	116244	1
175800	116245	31
175802	116276	1
175803	116277	31
175805	116308	1
175805	116309	31
175808	116340	1
175808	116341	31
175811	116372	1
175811	116373	31
175814	116404	1
175814	116405	31
175816	116436	1
175816	116437	31
175819	116468	1
175819	116469	31
175821	116500	1
175822	116501	31
175824	116532	1
175825	116533	31
175827	116564	1
175828	116565	31
175830	116596	1
175830	116597	31
175833	116628	1
175833	116629	31
175835	116660	1
175836	116661	31
175839	116692	1
175839	116693	31
175841	116724	1
175842	116725	31
175844	116756	1
175844	116757	31
175847	116788	1
175847	116789	31
175850	116820	1
175850	116821	26
176782	116847	1
176782	116848	31
176785	116879	1
176785	116880	31
176788	116911	1
176788	116912	31
176790	116943	1
176790	116944	31
176795	116975	1
176795	116976	25
176809	117001	1
176809	117002	31
176811	117033	1
176811	117034	31
176815	117065	1
176815	117066	31
176816	117097	1
176817	117098	31
176821	117129	1
176821	117130	25
177720	117155	1
177720	117156	31
177722	117187	1
177723	117188	31
177725	117219	1
177725	117220	31
177728	117251	1
177728	117252	31
177731	117283	1
177731	117284	31
177734	117315	1
177734	117316	31
177736	117347	1
177737	117348	31
177739	117379	1
177739	117380	31
177742	117411	1
177742	117412	31
177745	117443	1
177745	117444	31
177747	117475	1
177748	117476	31
177750	117507	1
177750	117508	31
177753	117539	1
177753	117540	31
177756	117571	1
177756	117572	31
177759	117603	1
177759	117604	31
177762	117635	1
177763	117636	28
177782	117664	1
177782	117665	31
177785	117696	1
177785	117697	31
177788	117728	1
177788	117729	31
177791	117760	1
177791	117761	31
177794	117792	1
177794	117793	25
177808	117818	1
177809	117819	31
177811	117850	1
177812	117851	31
177814	117882	1
177814	117883	31
177817	117914	1
177817	117915	31
177820	117946	1
177820	117947	25
178871	117972	1
178871	117973	31
178874	118004	1
178874	118005	31
178876	118036	1
178876	118037	31
178879	118068	1
178879	118069	31
178882	118100	1
178883	118101	31
178884	118132	1
178885	118133	31
178887	118164	1
178887	118165	31
178891	118196	1
178891	118197	31
178893	118228	1
178893	118229	31
178896	118260	1
178896	118261	19
179793	118280	1
179793	118281	31
179796	118312	1
179797	118313	31
179799	118344	1
179799	118345	31
179802	118376	1
179802	118377	31
179804	118408	1
179804	118409	31
179807	118440	1
179807	118441	31
179810	118472	1
179810	118473	31
179813	118504	1
179813	118505	31
179816	118536	1
179816	118537	31
179818	118568	1
179818	118569	31
179821	118600	1
179821	118601	31
179824	118632	1
179824	118633	31
179827	118664	1
179827	118665	31
179829	118696	1
179829	118697	31
179832	118728	1
179832	118729	31
179834	118760	1
179835	118761	31
179838	118792	1
179838	118793	31
179840	118824	1
179840	118825	31
179843	118856	1
179843	118857	31
179846	118888	1
179846	118889	31
179848	118920	1
179849	118921	31
179852	118952	1
179852	118953	26
180127	118979	1
180127	118980	31
180129	119011	1
180130	119012	31
180132	119043	1
180132	119044	31
180135	119075	1
180135	119076	21
180784	119097	1
180784	119098	31
180786	119129	1
180786	119130	31
180789	119161	1
180789	119162	31
180792	119193	1
180792	119194	31
180796	119225	1
180796	119226	25
180810	119251	1
180810	119252	31
180813	119283	1
180813	119284	31
180815	119315	1
180815	119316	31
180818	119347	1
180818	119348	31
180821	119379	1
180822	119380	25
181721	119405	1
181722	119406	31
181725	119437	1
181725	119438	31
181727	119469	1
181728	119470	31
181730	119501	1
181730	119502	31
181733	119533	1
181734	119534	31
181735	119565	1
181735	119566	31
181738	119597	1
181739	119598	31
181741	119629	1
181742	119630	31
181744	119661	1
181744	119662	31
181747	119693	1
181747	119694	31
181749	119725	1
181749	119726	31
181753	119757	1
181753	119758	31
181754	119789	1
181755	119790	6
181784	119796	1
181784	119797	31
181786	119828	1
181787	119829	31
181790	119860	1
181790	119861	31
181792	119892	1
181793	119893	31
181796	119924	1
181797	119925	25
181811	119950	1
181811	119951	31
181813	119982	1
181813	119983	31
181816	120014	1
181816	120015	31
181818	120046	1
181818	120047	31
181822	120078	1
181823	120079	25
182533	120104	1
182534	120105	31
182536	120136	1
182537	120137	31
182540	120168	1
182540	120169	31
182542	120200	1
182543	120201	21
182872	120222	1
182873	120223	31
182875	120254	1
182875	120255	31
182878	120286	1
182878	120287	31
182881	120318	1
182881	120319	31
182883	120350	1
182884	120351	31
182886	120382	1
182887	120383	31
182888	120414	1
182889	120415	31
182892	120446	1
182892	120447	31
182895	120478	1
182895	120479	31
182897	120510	1
182898	120511	19
183794	120530	1
183794	120531	31
183797	120562	1
183797	120563	31
183799	120594	1
183799	120595	31
183802	120626	1
183802	120627	31
183805	120658	1
183805	120659	31
183808	120690	1
183808	120691	31
183810	120722	1
183810	120723	31
183813	120754	1
183813	120755	31
183816	120786	1
183816	120787	31
183819	120818	1
183819	120819	31
183821	120850	1
183822	120851	31
183824	120882	1
183824	120883	31
183827	120914	1
183827	120915	31
183830	120946	1
183830	120947	31
183833	120978	1
183833	120979	31
183835	121010	1
183836	121011	31
183838	121042	1
183838	121043	31
183841	121074	1
183841	121075	31
183844	121106	1
183844	121107	31
183847	121138	1
183847	121139	31
183849	121170	1
183849	121171	31
183853	121202	1
183854	121203	26
184785	121229	1
184785	121230	31
184788	121261	1
184788	121262	31
184790	121293	1
184791	121294	31
184793	121325	1
184793	121326	31
184797	121357	1
184797	121358	25
184811	121383	1
184811	121384	31
184813	121415	1
184814	121416	31
184817	121447	1
184817	121448	31
184819	121479	1
184819	121480	31
184823	121511	1
184823	121512	25
184939	121537	1
184939	121538	31
184942	121569	1
184942	121570	31
184944	121601	1
184945	121602	31
184948	121633	1
184948	121634	21
185723	121655	1
185723	121656	31
185725	121687	1
185725	121688	31
185728	121719	1
185728	121720	31
185731	121751	1
185731	121752	31
185734	121783	1
185734	121784	31
185736	121815	1
185737	121816	31
185739	121847	1
185739	121848	31
185742	121879	1
185742	121880	31
185745	121911	1
185745	121912	31
185747	121943	1
185748	121944	31
185750	121975	1
185751	121976	31
185753	122007	1
185753	122008	31
185755	122039	1
185755	122040	6
185785	122046	1
185786	122047	31
185788	122078	1
185788	122079	31
185791	122110	1
185792	122111	31
185794	122142	1
185794	122143	31
185798	122174	1
185798	122175	25
185811	122200	1
185811	122201	31
185814	122232	1
185814	122233	31
185817	122264	1
185817	122265	31
185820	122296	1
185820	122297	31
185823	122328	1
185823	122329	25
186874	122354	1
186874	122355	31
186876	122386	1
186876	122387	31
186880	122418	1
186880	122419	31
186882	122450	1
186883	122451	31
186884	122482	1
186884	122483	31
186888	122514	1
186888	122515	31
186890	122546	1
186890	122547	31
186893	122578	1
186893	122579	31
186896	122610	1
186897	122611	31
186899	122642	1
186899	122643	19
187345	122662	1
187346	122663	31
187348	122694	1
187349	122695	31
187351	122726	1
187351	122727	31
187354	122758	1
187354	122759	21
187795	122780	1
187795	122781	31
187798	122812	1
187798	122813	31
187801	122844	1
187801	122845	31
187803	122876	1
187804	122877	31
187806	122908	1
187807	122909	31
187810	122940	1
187810	122941	31
187812	122972	1
187812	122973	31
187815	123004	1
187815	123005	31
187817	123036	1
187818	123037	31
187820	123068	1
187821	123069	31
187824	123100	1
187824	123101	31
187826	123132	1
187826	123133	31
187829	123164	1
187829	123165	31
187831	123196	1
187831	123197	31
187834	123228	1
187834	123229	31
187837	123260	1
187837	123261	31
187840	123292	1
187840	123293	31
187842	123324	1
187842	123325	31
187845	123356	1
187845	123357	31
187848	123388	1
187848	123389	31
187851	123420	1
187852	123421	31
187854	123452	1
187855	123453	26
188787	123479	1
188787	123480	31
188790	123511	1
188790	123512	31
188793	123543	1
188793	123544	31
188796	123575	1
188796	123576	31
188800	123607	1
188800	123608	25
188813	123633	1
188813	123634	31
188815	123665	1
188815	123666	31
188818	123697	1
188819	123698	31
188821	123729	1
188821	123730	31
188825	123761	1
188825	123762	25
189724	123787	1
189724	123788	31
189726	123819	1
189727	123820	31
189729	123851	1
189729	123852	31
189732	123883	1
189732	123884	31
189735	123915	1
189735	123916	31
189737	123947	1
189738	123948	31
189740	123979	1
189740	123980	31
189743	124011	1
189743	124012	31
189746	124043	1
189746	124044	31
189749	124075	1
189749	124076	31
189751	124107	1
189752	124108	31
189754	124139	1
189754	124140	31
189757	124171	1
189757	124172	31
189760	124203	1
189760	124204	31
189762	124235	1
189763	124236	31
189766	124267	1
189767	124268	28
189787	124296	1
189787	124297	31
189790	124328	1
189790	124329	31
189793	124360	1
189793	124361	31
189795	124392	1
189795	124393	31
189799	124424	1
189799	124425	25
189812	124450	1
189813	124451	31
189815	124482	1
189815	124483	31
189818	124514	1
189818	124515	31
189821	124546	1
189821	124547	31
189824	124578	1
189825	124579	25
190875	124604	1
190875	124605	31
190878	124636	1
190879	124637	31
190881	124668	1
190881	124669	31
190884	124700	1
190884	124701	31
190887	124732	1
190887	124733	31
190889	124764	1
190889	124765	31
190892	124796	1
190892	124797	31
190895	124828	1
190895	124829	31
190898	124860	1
190898	124861	31
190901	124892	1
190901	124893	19
191797	124912	1
191798	124913	31
191801	124944	1
191801	124945	31
191803	124976	1
191803	124977	31
191806	125008	1
191806	125009	31
191809	125040	1
191809	125041	31
191812	125072	1
191812	125073	31
191815	125104	1
191815	125105	31
191817	125136	1
191817	125137	31
191820	125168	1
191820	125169	31
191822	125200	1
191823	125201	31
191826	125232	1
191826	125233	31
191829	125264	1
191829	125265	31
191831	125296	1
191831	125297	31
191834	125328	1
191835	125329	31
191836	125360	1
191837	125361	31
191840	125392	1
191840	125393	31
191843	125424	1
191843	125425	31
191845	125456	1
191845	125457	31
191848	125488	1
191848	125489	31
191850	125520	1
191850	125521	31
191854	125552	1
191854	125553	31
191857	125584	1
191857	125585	26
192159	125611	1
192159	125612	31
192162	125643	1
192162	125644	31
192164	125675	1
192164	125676	31
192168	125707	1
192168	125708	21
192788	125729	1
192788	125730	31
192791	125761	1
192791	125762	31
192794	125793	1
192794	125794	31
192797	125825	1
192797	125826	31
192800	125857	1
192800	125858	25
192814	125883	1
192815	125884	31
192816	125915	1
192816	125916	31
192820	125947	1
192820	125948	31
192823	125979	1
192823	125980	31
192826	126011	1
192826	126012	25
193726	126037	1
193726	126038	31
193729	126069	1
193729	126070	31
193732	126101	1
193732	126102	31
193734	126133	1
193734	126134	31
193737	126165	1
193737	126166	31
193740	126197	1
193741	126198	31
193743	126229	1
193743	126230	31
193746	126261	1
193746	126262	31
193748	126293	1
193748	126294	31
193751	126325	1
193751	126326	31
193754	126357	1
193754	126358	31
193756	126389	1
193756	126390	31
193758	126421	1
193758	126422	6
193789	126428	1
193789	126429	31
193792	126460	1
193792	126461	31
193795	126492	1
193795	126493	31
193797	126524	1
193797	126525	31
193801	126556	1
193801	126557	25
193815	126582	1
193815	126583	31
193817	126614	1
193817	126615	31
193820	126646	1
193820	126647	31
193823	126678	1
193823	126679	31
193826	126710	1
193826	126711	25
194566	126736	1
194566	126737	31
194567	126768	1
194568	126769	31
194571	126800	1
194571	126801	31
194574	126832	1
194574	126833	21
194877	126854	1
194877	126855	31
194879	126886	1
194879	126887	31
194882	126918	1
194882	126919	31
194885	126950	1
194886	126951	31
194887	126982	1
194887	126983	31
194891	127014	1
194891	127015	31
194893	127046	1
194893	127047	31
194896	127078	1
194896	127079	31
194899	127110	1
194900	127111	31
194901	127142	1
194901	127143	19
195799	127162	1
195799	127163	31
195802	127194	1
195802	127195	31
195804	127226	1
195804	127227	31
195806	127258	1
195807	127259	31
195810	127290	1
195810	127291	31
195812	127322	1
195812	127323	31
195815	127354	1
195815	127355	31
195817	127386	1
195818	127387	31
195820	127418	1
195820	127419	31
195823	127450	1
195823	127451	31
195826	127482	1
195826	127483	31
195829	127514	1
195830	127515	31
195831	127546	1
195832	127547	31
195835	127578	1
195835	127579	31
195838	127610	1
195838	127611	31
195840	127642	1
195840	127643	31
195843	127674	1
195843	127675	31
195845	127706	1
195845	127707	31
195849	127738	1
195849	127739	31
195852	127770	1
195852	127771	31
195853	127802	1
195854	127803	31
195858	127834	1
195858	127835	26
196790	127861	1
196790	127862	31
196793	127893	1
196793	127894	31
196796	127925	1
196796	127926	31
196798	127957	1
196799	127958	31
196802	127989	1
196802	127990	25
196816	128015	1
196816	128016	31
196818	128047	1
196818	128048	31
196821	128079	1
196821	128080	31
196824	128111	1
196824	128112	31
196827	128143	1
196828	128144	25
196971	128169	1
196972	128170	31
196975	128201	1
196975	128202	31
196977	128233	1
196977	128234	31
196981	128265	1
196981	128266	21
197728	128287	1
197728	128288	31
197729	128319	1
197730	128320	31
197733	128351	1
197733	128352	31
197735	128383	1
197735	128384	31
197739	128415	1
197739	128416	31
197742	128447	1
197742	128448	31
197743	128479	1
197744	128480	31
197747	128511	1
197747	128512	31
197749	128543	1
197749	128544	31
197753	128575	1
197753	128576	31
197756	128607	1
197756	128608	31
197757	128639	1
197757	128640	31
197760	128671	1
197760	128672	6
197790	128678	1
197790	128679	31
197793	128710	1
197794	128711	31
197796	128742	1
197797	128743	31
197799	128774	1
197799	128775	31
197803	128806	1
197803	128807	25
197816	128832	1
197816	128833	31
197818	128864	1
197818	128865	31
197822	128896	1
197822	128897	31
197824	128928	1
197825	128929	31
197828	128960	1
197828	128961	25
198878	128986	1
198878	128987	31
198881	129018	1
198881	129019	31
198883	129050	1
198883	129051	31
198886	129082	1
198887	129083	31
198888	129114	1
198888	129115	31
198892	129146	1
198892	129147	31
198895	129178	1
198895	129179	31
198897	129210	1
198897	129211	31
198900	129242	1
198900	129243	31
198902	129274	1
198903	129275	19
199378	129294	1
199378	129295	31
199381	129326	1
199381	129327	31
199383	129358	1
199383	129359	31
199387	129390	1
199387	129391	21
199800	129412	1
199800	129413	31
199803	129444	1
199803	129445	31
199805	129476	1
199805	129477	31
199808	129508	1
199808	129509	31
199811	129540	1
199812	129541	31
199813	129572	1
199813	129573	31
199817	129604	1
199817	129605	31
199819	129636	1
199819	129637	31
199822	129668	1
199823	129669	31
199825	129700	1
199826	129701	31
199827	129732	1
199827	129733	31
199831	129764	1
199831	129765	31
199833	129796	1
199833	129797	31
199836	129828	1
199836	129829	31
199839	129860	1
199840	129861	31
199841	129892	1
199841	129893	31
199845	129924	1
199845	129925	31
199847	129956	1
199847	129957	31
199850	129988	1
199850	129989	31
199852	130020	1
199852	130021	31
199855	130052	1
199855	130053	31
199859	130084	1
199860	130085	26
200791	130111	1
200792	130112	31
200794	130143	1
200795	130144	31
200797	130175	1
200798	130176	31
200800	130207	1
200801	130208	31
200804	130239	1
200804	130240	25
200817	130265	1
200817	130266	31
200819	130297	1
200820	130298	31
200822	130329	1
200823	130330	31
200825	130361	1
200826	130362	31
200829	130393	1
200829	130394	25
201729	130419	1
201729	130420	31
201731	130451	1
201731	130452	31
201734	130483	1
201735	130484	31
201736	130515	1
201737	130516	31
201740	130547	1
201740	130548	31
201743	130579	1
201743	130580	31
201745	130611	1
201745	130612	31
201748	130643	1
201749	130644	31
201750	130675	1
201750	130676	31
201753	130707	1
201753	130708	31
201756	130739	1
201756	130740	31
201759	130771	1
201759	130772	31
201761	130803	1
201761	130804	6
201785	130810	1
201785	130811	31
201787	130842	1
201787	130843	31
201790	130874	1
201790	130875	31
201792	130906	1
201793	130907	31
201796	130938	1
201796	130939	31
201799	130970	1
201799	130971	31
201801	131002	1
201802	131003	31
201804	131034	1
201804	131035	31
201806	131066	1
201806	131067	15
201817	131082	1
201818	131083	31
201819	131114	1
201820	131115	31
201823	131146	1
201823	131147	31
201826	131178	1
201826	131179	31
201829	131210	1
201829	131211	25
202880	131236	1
202880	131237	31
202882	131268	1
202883	131269	31
202885	131300	1
202885	131301	31
202888	131332	1
202888	131333	31
202890	131364	1
202890	131365	31
202894	131396	1
202894	131397	31
202897	131428	1
202897	131429	31
202898	131460	1
202899	131461	31
202902	131492	1
202902	131493	31
202904	131524	1
202905	131525	19
203801	131544	1
203802	131545	31
203805	131576	1
203805	131577	31
203807	131608	1
203807	131609	31
203810	131640	1
203811	131641	31
203813	131672	1
203814	131673	31
203815	131704	1
203815	131705	31
203819	131736	1
203819	131737	31
203821	131768	1
203821	131769	31
203824	131800	1
203824	131801	31
203827	131832	1
203828	131833	31
203829	131864	1
203829	131865	31
203833	131896	1
203833	131897	31
203835	131928	1
203835	131929	31
203838	131960	1
203838	131961	31
203841	131992	1
203841	131993	31
203843	132024	1
203843	132025	31
203846	132056	1
203847	132057	31
203848	132088	1
203849	132089	31
203852	132120	1
203852	132121	31
203854	132152	1
203855	132153	31
203857	132184	1
203857	132185	31
203861	132216	1
203862	132217	26
204191	132243	1
204191	132244	31
204194	132275	1
204194	132276	31
204196	132307	1
204197	132308	31
204200	132339	1
204200	132340	21
204793	132361	1
204793	132362	31
204796	132393	1
204796	132394	31
204799	132425	1
204799	132426	31
204801	132457	1
204801	132458	31
204805	132489	1
204805	132490	25
204819	132515	1
204819	132516	31
204821	132547	1
204821	132548	31
204824	132579	1
204824	132580	31
204827	132611	1
204827	132612	31
204830	132643	1
204830	132644	25
205731	132669	1
205731	132670	31
205733	132701	1
205733	132702	31
205736	132733	1
205736	132734	31
205738	132765	1
205738	132766	31
205742	132797	1
205742	132798	31
205745	132829	1
205745	132830	31
205746	132861	1
205747	132862	31
205749	132893	1
205749	132894	31
205752	132925	1
205752	132926	31
205755	132957	1
205755	132958	31
205757	132989	1
205758	132990	31
205760	133021	1
205760	133022	31
205762	133053	1
205762	133054	6
205793	133060	1
205793	133061	31
205795	133092	1
205796	133093	31
205798	133124	1
205798	133125	31
205801	133156	1
205801	133157	31
205805	133188	1
205805	133189	25
205818	133214	1
205818	133215	31
205821	133246	1
205822	133247	31
205824	133278	1
205824	133279	31
205826	133310	1
205826	133311	31
205830	133342	1
205830	133343	25
206598	133368	1
206598	133369	31
206600	133400	1
206600	133401	31
206603	133432	1
206603	133433	31
206606	133464	1
206607	133465	21
206880	133486	1
206880	133487	31
206884	133518	1
206884	133519	31
206886	133550	1
206886	133551	31
206889	133582	1
206889	133583	31
206891	133614	1
206891	133615	31
206895	133646	1
206895	133647	31
206898	133678	1
206898	133679	31
206899	133710	1
206900	133711	31
206903	133742	1
206903	133743	31
206905	133774	1
206906	133775	19
207803	133794	1
207803	133795	31
207806	133826	1
207806	133827	31
207808	133858	1
207809	133859	31
207811	133890	1
207811	133891	31
207814	133922	1
207815	133923	31
207817	133954	1
207817	133955	31
207820	133986	1
207820	133987	31
207822	134018	1
207822	134019	31
207825	134050	1
207825	134051	31
207827	134082	1
207828	134083	31
207830	134114	1
207831	134115	31
207834	134146	1
207834	134147	31
207836	134178	1
207836	134179	31
207839	134210	1
207840	134211	31
207842	134242	1
207842	134243	31
207844	134274	1
207844	134275	31
207848	134306	1
207848	134307	31
207850	134338	1
207850	134339	31
207853	134370	1
207853	134371	31
207856	134402	1
207856	134403	31
207858	134434	1
207858	134435	31
207862	134466	1
207862	134467	26
208794	134493	1
208794	134494	31
208797	134525	1
208797	134526	31
208800	134557	1
208800	134558	31
208802	134589	1
208802	134590	31
208806	134621	1
208806	134622	25
208820	134647	1
208820	134648	31
208823	134679	1
208823	134680	31
208825	134711	1
208825	134712	31
208828	134743	1
208828	134744	31
208831	134775	1
208831	134776	25
209004	134801	1
209004	134802	31
209006	134833	1
209007	134834	31
209010	134865	1
209010	134866	31
209012	134897	1
209013	134898	21
209731	134919	1
209731	134920	31
209734	134951	1
209734	134952	31
209736	134983	1
209737	134984	31
209739	135015	1
209740	135016	31
209742	135047	1
209742	135048	31
209745	135079	1
209745	135080	31
209748	135111	1
209748	135112	31
209750	135143	1
209750	135144	31
209753	135175	1
209753	135176	31
209756	135207	1
209756	135208	31
209759	135239	1
209759	135240	31
209761	135271	1
209762	135272	31
209763	135303	1
209763	135304	6
209794	135310	1
209794	135311	31
209797	135342	1
209797	135343	31
209800	135374	1
209800	135375	31
209803	135406	1
209803	135407	31
209806	135438	1
209806	135439	25
209819	135464	1
209820	135465	31
209822	135496	1
209822	135497	31
209825	135528	1
209825	135529	31
209828	135560	1
209828	135561	31
209831	135592	1
209832	135593	25
210883	135618	1
210884	135619	31
210886	135650	1
210886	135651	31
210889	135682	1
210889	135683	31
210892	135714	1
210892	135715	31
210894	135746	1
210894	135747	31
210897	135778	1
210898	135779	31
210900	135810	1
210900	135811	31
210902	135842	1
210902	135843	31
210906	135874	1
210906	135875	31
210908	135906	1
210908	135907	19
211411	135926	1
211411	135927	31
211414	135958	1
211414	135959	31
211416	135990	1
211416	135991	31
211419	136022	1
211419	136023	21
211806	136044	1
211806	136045	31
211808	136076	1
211809	136077	31
211810	136108	1
211811	136109	31
211813	136140	1
211813	136141	31
211817	136172	1
211817	136173	31
211819	136204	1
211819	136205	31
211822	136236	1
211822	136237	31
211824	136268	1
211825	136269	31
211828	136300	1
211828	136301	31
211831	136332	1
211831	136333	31
211832	136364	1
211833	136365	31
211836	136396	1
211836	136397	31
211838	136428	1
211838	136429	31
211842	136460	1
211842	136461	31
211845	136492	1
211845	136493	31
211846	136524	1
211846	136525	31
211850	136556	1
211850	136557	31
211852	136588	1
211852	136589	31
211855	136620	1
211855	136621	31
211859	136652	1
211859	136653	31
211860	136684	1
211861	136685	31
211865	136716	1
211865	136717	26
212796	136743	1
212797	136744	31
212799	136775	1
212799	136776	31
212802	136807	1
212802	136808	31
212804	136839	1
212804	136840	31
212808	136871	1
212808	136872	25
212821	136897	1
212821	136898	31
212824	136929	1
212825	136930	31
212826	136961	1
212826	136962	31
212830	136993	1
212830	136994	31
212832	137025	1
212833	137026	25
213733	137051	1
213733	137052	31
213735	137083	1
213735	137084	31
213739	137115	1
213739	137116	31
213741	137147	1
213741	137148	31
213744	137179	1
213744	137180	31
213747	137211	1
213747	137212	31
213749	137243	1
213749	137244	31
213752	137275	1
213752	137276	31
213755	137307	1
213756	137308	31
213757	137339	1
213757	137340	31
213761	137371	1
213761	137372	31
213763	137403	1
213763	137404	31
213765	137435	1
213765	137436	6
213796	137442	1
213797	137443	31
213799	137474	1
213799	137475	31
213802	137506	1
213802	137507	31
213804	137538	1
213804	137539	31
213808	137570	1
213808	137571	25
213818	137596	1
213818	137597	31
213820	137628	1
213820	137629	31
213823	137660	1
213824	137661	31
213825	137692	1
213826	137693	31
213829	137724	1
213829	137725	31
213832	137756	1
213832	137757	31
213834	137788	1
213834	137789	31
213837	137820	1
213837	137821	31
213839	137852	1
213839	137853	15
